Observed,strata,x-val,y-val,resource
1,0,75,5,1.7687000
1,1,83,5,2.9620360
1,2,4,64,1.5166970
1,3,97,30,0.1402382
1,4,79,15,0.4224481
1,5,25,56,1.3992960
1,6,83,6,2.9456110
1,7,76,66,2.5387070
1,8,84,6,2.6439770
1,9,26,7,1.5004820
1,10,83,6,2.9456110
1,11,83,5,2.9620360
1,12,10,70,0.6973086
1,13,36,47,2.0538430
1,14,8,60,0.9203855
1,15,12,77,0.5613657
1,16,45,41,-1.3691240
1,17,37,48,1.3850680
1,18,95,28,0.5480157
1,19,84,6,2.6439770
1,20,89,3,1.7573560
1,21,41,15,2.2591110
1,22,67,63,1.7725150
1,23,83,6,2.9456110
1,24,94,77,1.3497080
1,25,24,3,1.7919590
1,26,18,2,1.2671560
1,27,85,34,-0.1764085
1,28,23,55,1.2792980
1,29,83,6,2.9456110
1,30,90,30,1.2245930
1,31,14,33,-0.1611169
1,32,42,17,1.6750320
1,33,20,0,1.0604640
1,34,79,13,1.0538220
1,35,83,7,2.5765490
1,36,73,59,1.0695340
1,37,76,7,2.3000000
1,38,0,12,-1.1169090
1,39,82,6,2.7139460
1,40,4,63,2.0044540
1,41,82,6,2.7139460
1,42,87,22,0.7324158
1,43,88,84,0.3920807
1,44,7,37,-0.3611690
1,45,90,5,2.5090900
1,46,75,6,2.3006530
1,47,83,6,2.9456110
1,48,83,5,2.9620360
1,49,37,13,2.3102430
1,50,84,6,2.6439770
1,51,8,69,-0.2702014
1,52,82,5,2.1337520
1,53,89,5,2.3483120
1,54,76,61,1.3196020
1,55,26,52,0.9078675
1,56,33,16,1.6006850
1,57,65,30,-1.7784510
1,58,4,23,1.1398540
1,59,82,6,2.7139460
1,60,37,24,1.6548890
1,61,83,5,2.9620360
1,62,76,66,2.5387070
1,63,69,80,-1.7969300
1,64,90,17,0.5283316
1,65,83,7,2.5765490
1,66,92,32,0.3266065
1,67,15,56,1.4393570
1,68,90,85,0.0049542
1,69,76,66,2.5387070
1,70,57,5,1.0062940
1,71,88,3,1.8692290
1,72,88,4,2.1044440
1,73,2,93,0.0966654
1,74,82,7,2.3753710
1,75,75,4,1.4774910
1,76,15,82,-1.1381690
1,77,56,45,-2.6507340
1,78,64,60,1.0300660
1,79,42,86,1.2185950
1,80,87,5,1.8392880
1,81,83,7,2.5765490
1,82,75,7,2.5520140
1,83,71,1,1.4046470
1,84,92,5,0.8119667
1,85,8,32,0.3370356
1,86,82,6,2.7139460
1,87,41,14,1.4246710
1,88,65,62,1.4764410
1,89,41,74,0.9657427
1,90,94,78,1.2729890
1,91,75,7,2.5520140
1,92,82,5,2.1337520
1,93,7,27,1.2293390
1,94,90,5,2.5090900
1,95,26,7,1.5004820
1,96,83,5,2.9620360
1,97,76,66,2.5387070
1,98,88,26,2.1223950
1,99,83,6,2.9456110
1,100,76,8,2.5101910
1,101,18,3,1.7225440
1,102,83,5,2.9620360
1,103,5,31,0.4588200
1,104,9,24,1.8982290
1,105,77,7,2.5135510
1,106,55,33,-2.6382030
1,107,21,6,1.6761210
1,108,70,54,1.0465780
1,109,14,2,0.5374650
1,110,83,5,2.9620360
1,111,41,18,1.4367850
1,112,30,14,2.0812090
1,113,30,52,0.4358136
1,114,1,22,-0.4339289
1,115,80,83,-1.4680140
1,116,83,7,2.5765490
1,117,83,6,2.9456110
1,118,82,38,-0.9572718
1,119,31,80,0.1772352
1,120,7,28,1.4556930
1,121,76,7,2.3000000
1,122,70,3,0.6553551
1,123,76,6,2.5767310
1,124,72,12,1.8000210
1,125,29,25,-1.2554060
1,126,83,5,2.9620360
1,127,83,5,2.9620360
1,128,84,24,0.0417171
1,129,4,62,1.9135800
1,130,92,29,1.0099660
1,131,28,58,1.2181800
1,132,67,7,1.4312140
1,133,83,5,2.9620360
1,134,4,65,1.1021590
1,135,83,5,2.9620360
1,136,83,6,2.9456110
1,137,76,6,2.5767310
1,138,83,4,2.1901920
1,139,82,7,2.3753710
1,140,85,82,-0.1284206
1,141,8,24,1.1563980
1,142,79,12,1.5771900
1,143,76,13,1.8033710
1,144,57,16,-1.4889660
1,145,76,8,2.5101910
1,146,44,84,1.1375810
1,147,83,3,2.1652540
1,148,86,3,2.0401580
1,149,99,63,-0.0330875
1,150,39,74,1.1392710
1,151,84,5,2.6471850
1,152,91,26,1.0648270
1,153,70,60,0.9564150
1,154,28,92,0.2802544
1,155,9,79,0.4112251
1,156,7,26,0.6408409
1,157,90,6,1.6938830
1,158,61,18,-0.2330880
1,159,10,5,-0.1674997
1,160,83,3,2.1652540
1,161,83,6,2.9456110
1,162,37,13,2.3102430
1,163,88,23,0.8961031
1,164,40,45,-1.2408820
1,165,90,5,2.5090900
1,166,75,87,-1.9973000
1,167,83,5,2.9620360
1,168,87,89,-1.0773020
1,169,31,93,-0.4037955
1,170,84,3,1.6572170
1,171,65,66,1.3233960
1,172,83,6,2.9456110
1,173,83,5,2.9620360
1,174,40,43,-0.4980897
1,175,84,5,2.6471850
1,176,88,27,1.4764130
1,177,83,5,2.9620360
1,178,43,88,0.2950301
1,179,8,28,0.8116401
1,180,83,5,2.9620360
1,181,92,26,0.9832010
1,182,76,6,2.5767310
1,183,5,35,0.4969122
1,184,88,25,1.6404160
1,185,32,93,0.0488762
1,186,83,6,2.9456110
1,187,83,5,2.9620360
1,188,83,5,2.9620360
1,189,23,4,2.4229630
1,190,85,81,-0.2647758
1,191,76,66,2.5387070
1,192,25,4,1.3593960
1,193,83,6,2.9456110
1,194,35,21,1.0706700
1,195,82,7,2.3753710
1,196,83,7,2.5765490
1,197,50,30,-0.4564790
1,198,33,18,1.0230360
1,199,38,84,0.8421034
0,0,21,40,-0.4707667
0,0,3,3,1.2699690
0,0,78,43,-0.8134493
0,0,75,32,-1.7854250
0,0,47,69,-1.0766870
0,0,47,35,-0.5685852
0,0,15,93,-0.4420877
0,0,40,24,0.7779506
0,0,3,36,-0.6544785
0,0,83,29,0.6803480
0,1,57,74,0.0679576
0,1,33,25,-0.8912717
0,1,84,12,1.3238020
0,1,56,89,-0.0094811
0,1,21,67,-0.3058484
0,1,3,88,-0.5876003
0,1,23,18,-0.8234267
0,1,73,55,0.3450289
0,1,60,23,-0.6726052
0,1,68,68,1.4890190
0,2,15,34,0.0460122
0,2,79,91,-1.1664340
0,2,54,36,-1.5086490
0,2,0,26,-0.1921811
0,2,14,10,-0.7116186
0,2,65,6,0.7995124
0,2,33,45,0.5799538
0,2,34,80,-0.0464688
0,2,84,73,-0.9945193
0,2,2,18,-0.6243942
0,3,60,46,-0.8446170
0,3,55,63,-0.5433820
0,3,20,0,1.0604640
0,3,85,89,-0.6531887
0,3,44,5,0.9866073
0,3,10,36,-0.9281125
0,3,87,92,-1.1715450
0,3,35,32,-0.4117056
0,3,95,43,-1.1627860
0,3,67,42,-1.7667970
0,4,8,11,-0.7179993
0,4,75,90,-1.3979770
0,4,39,98,-0.1575409
0,4,35,21,1.0706700
0,4,94,62,0.3527372
0,4,18,61,-0.0635507
0,4,0,54,0.8273343
0,4,83,18,-0.1898771
0,4,30,80,0.2006118
0,4,73,72,0.8646752
0,5,1,31,-1.2777900
0,5,97,15,0.1865516
0,5,21,4,1.9754000
0,5,19,98,0.5654356
0,5,37,61,-0.7820053
0,5,43,62,-1.4118900
0,5,16,17,-1.7734440
0,5,33,9,0.8220201
0,5,14,21,-0.6098105
0,5,79,90,-1.3082440
0,6,49,62,-0.4546085
0,6,33,7,0.2759396
0,6,63,89,-0.8742703
0,6,9,1,1.6213260
0,6,68,68,1.4890190
0,6,46,97,-0.2828617
0,6,15,1,0.6350711
0,6,81,63,-0.7699025
0,6,5,26,-0.0831646
0,6,14,71,0.5649192
0,7,3,33,-0.0449799
0,7,31,78,0.2722492
0,7,98,30,0.0738474
0,7,65,15,-0.3278312
0,7,13,6,-0.2900146
0,7,98,76,0.3957577
0,7,24,3,1.7919590
0,7,87,59,-0.7704437
0,7,16,85,0.0148206
0,7,59,2,-0.5657347
0,8,4,93,0.1298626
0,8,22,21,-0.7048649
0,8,24,93,0.0974738
0,8,99,25,0.3839812
0,8,11,3,0.9260690
0,8,73,95,-0.8603432
0,8,12,20,-0.7841013
0,8,87,78,-0.2248152
0,8,68,27,-0.8415548
0,8,7,60,0.5858356
0,9,84,5,2.6471850
0,9,79,96,-0.5668807
0,9,63,72,1.3159610
0,9,74,92,-1.7418750
0,9,11,69,0.4497458
0,9,75,88,-2.1123690
0,9,84,11,1.3276710
0,9,72,30,-1.7614140
0,9,37,95,-0.5603404
0,9,62,10,0.9764839
0,10,30,28,-1.8182770
0,10,65,66,1.3233960
0,10,87,45,-0.7248095
0,10,34,75,0.0558388
0,10,25,66,-1.1129490
0,10,52,4,0.0718080
0,10,14,90,-1.0268300
0,10,71,3,0.6485173
0,10,40,16,1.5567760
0,10,11,85,-0.0485605
0,11,33,55,0.5152380
0,11,60,11,0.7982507
0,11,5,80,-0.3714715
0,11,83,59,-0.1167580
0,11,2,1,0.9589046
0,11,32,96,-0.0182150
0,11,12,80,-0.6524367
0,11,56,85,-0.4984003
0,11,3,45,-0.2268477
0,11,68,45,-0.3151064
0,12,88,0,0.4593290
0,12,75,68,1.5828870
0,12,74,98,-0.6356363
0,12,82,21,-0.2771591
0,12,98,70,-0.1398069
0,12,58,73,0.3788144
0,12,85,53,-1.1471780
0,12,28,23,-0.5389389
0,12,77,52,-0.5411057
0,12,48,91,0.5963611
0,13,23,69,-0.4210286
0,13,63,45,-0.7654404
0,13,85,14,-0.0058259
0,13,91,0,0.7391070
0,13,80,72,-1.4016400
0,13,16,28,0.6283293
0,13,97,75,0.1449301
0,13,78,20,-0.0734632
0,13,52,97,1.0416470
0,13,83,5,2.9620360
0,14,97,66,-0.2122364
0,14,98,10,-0.0683867
0,14,33,24,-0.4598523
0,14,37,64,-0.6715404
0,14,88,8,0.9932488
0,14,18,79,-0.6056746
0,14,70,98,-0.7745709
0,14,0,73,-0.5589918
0,14,13,77,0.3492810
0,14,84,59,-0.3764062
0,15,37,78,-0.6605014
0,15,46,8,0.5242181
0,15,92,29,1.0099660
0,15,66,87,-0.6700377
0,15,4,53,-0.1591797
0,15,21,30,0.4572162
0,15,10,3,1.2715980
0,15,63,31,-1.3026130
0,15,55,34,-2.4247700
0,15,60,43,-1.5488410
0,16,42,90,0.2671147
0,16,26,55,1.2639830
0,16,19,80,-1.0939720
0,16,87,76,-0.8943423
0,16,87,91,-1.6043020
0,16,19,28,0.1578659
0,16,62,64,1.5502150
0,16,80,54,0.8604868
0,16,63,88,-1.0599920
0,16,20,86,0.4003909
0,17,72,6,1.0965240
0,17,60,57,0.3580576
0,17,43,13,1.3547990
0,17,78,62,0.7469046
0,17,98,1,-0.7029477
0,17,22,33,0.1880263
0,17,57,63,-0.9002818
0,17,83,62,-1.2552850
0,17,8,62,0.6888154
0,17,57,79,-0.5976800
0,18,57,4,0.3479478
0,18,10,43,-2.6158220
0,18,42,43,-0.2372621
0,18,64,79,-0.5785758
0,18,31,9,0.4050797
0,18,53,49,-0.8853044
0,18,8,85,-0.1290592
0,18,74,93,-1.0864240
0,18,65,67,1.0008940
0,18,95,80,0.6899146
0,19,34,90,-0.9685963
0,19,39,70,0.8093004
0,19,50,10,0.7451118
0,19,2,65,0.5362244
0,19,88,51,-1.2007830
0,19,70,88,-1.7422820
0,19,21,69,-0.2598859
0,19,12,66,0.0422408
0,19,24,62,0.5000251
0,19,29,88,-0.7252972
0,20,75,26,-0.4676366
0,20,94,94,-1.2576480
0,20,66,11,0.8569223
0,20,71,57,0.9284327
0,20,17,9,-1.1251310
0,20,29,38,-0.8026089
0,20,71,7,0.5933488
0,20,93,93,-1.4014800
0,20,85,54,-0.3554751
0,20,14,30,0.5604612
0,21,36,2,0.6795842
0,21,30,22,-0.3410909
0,21,93,60,-0.5169181
0,21,4,23,1.1398540
0,21,6,45,-0.6585150
0,21,91,85,0.2450763
0,21,28,44,-1.9741670
0,21,13,5,0.6670588
0,21,29,56,1.0066430
0,21,4,89,-0.5020620
0,22,16,67,0.0341709
0,22,51,24,-1.7032050
0,22,5,94,-1.2069800
0,22,80,75,-1.4002050
0,22,11,59,0.2751120
0,22,61,4,0.6979138
0,22,59,13,0.3581906
0,22,80,53,0.5924792
0,22,69,84,-1.0299500
0,22,4,85,0.3634587
0,23,17,25,0.6188902
0,23,46,86,0.3786282
0,23,30,94,-0.5335758
0,23,75,45,-1.2038230
0,23,33,39,-0.5081060
0,23,78,32,-0.9487503
0,23,31,12,1.4966110
0,23,34,78,-0.4463213
0,23,0,40,-0.3307790
0,23,98,24,0.7609511
0,24,50,0,0.4441330
0,24,39,49,0.6470756
0,24,27,68,-0.6434971
0,24,71,49,-0.5083297
0,24,93,90,-0.7992288
0,24,70,24,-0.6476607
0,24,24,18,-0.7505316
0,24,19,67,-0.4241583
0,24,12,78,0.1220001
0,24,25,78,-0.2019407
0,25,66,35,-1.3264440
0,25,44,87,0.1808479
0,25,14,66,0.4844178
0,25,81,57,-0.3120030
0,25,19,74,0.5279306
0,25,70,22,-0.6685229
0,25,34,97,-0.9401920
0,25,24,5,1.3739280
0,25,3,89,-0.4285044
0,25,25,20,-0.5270994
0,26,18,56,0.7448088
0,26,53,76,0.0043984
0,26,43,53,-2.0242080
0,26,55,27,-1.6368820
0,26,46,94,0.0426640
0,26,7,71,0.4663981
0,26,50,2,0.0745030
0,26,0,43,-0.3848768
0,26,45,92,0.4029741
0,26,49,49,-1.7647300
0,27,99,34,0.3538362
0,27,92,60,-0.4994576
0,27,34,10,0.5365152
0,27,70,62,1.1503020
0,27,57,56,-0.1909627
0,27,69,47,-0.7862464
0,27,59,7,0.1276187
0,27,47,41,-0.9803000
0,27,81,99,-0.0654703
0,27,55,25,-1.0610180
0,28,52,30,-0.3300004
0,28,50,73,-0.3368508
0,28,71,86,-1.6476610
0,28,84,38,-1.1083790
0,28,86,92,-0.8137172
0,28,70,38,-2.5024500
0,28,59,41,-0.7426418
0,28,33,55,0.5152380
0,28,90,9,0.2428068
0,28,31,32,-0.8633466
0,29,63,29,-0.8693855
0,29,93,59,-0.5062880
0,29,77,36,-1.3722010
0,29,27,50,0.8394652
0,29,54,99,0.9720101
0,29,67,35,-0.8904641
0,29,76,42,-1.1558480
0,29,28,14,1.1788370
0,29,54,14,-1.2185700
0,29,70,84,-1.1945090
0,30,2,69,-0.2937639
0,30,89,72,-0.4507929
0,30,14,71,0.5649192
0,30,10,3,1.2715980
0,30,55,69,-0.4294110
0,30,33,35,0.1213399
0,30,66,68,0.2845487
0,30,18,15,-1.1482360
0,30,22,36,-0.2635772
0,30,51,6,0.6078197
0,31,44,53,-3.0009030
0,31,16,31,0.6713986
0,31,29,10,0.4749536
0,31,74,81,-1.8225820
0,31,86,46,-1.2301820
0,31,65,97,-0.9976829
0,31,26,18,-1.1110280
0,31,30,68,-0.7087689
0,31,64,51,-0.3830963
0,31,77,97,-0.7877753
0,32,50,31,-0.5491267
0,32,22,99,0.3812055
0,32,66,51,-0.8869616
0,32,33,43,0.9151121
0,32,47,68,-2.0988080
0,32,17,62,-0.4506257
0,32,74,15,0.2024641
0,32,91,74,-0.8754647
0,32,13,1,0.9116499
0,32,46,34,-0.1989223
0,33,89,72,-0.4507929
0,33,28,28,-0.5849613
0,33,67,30,-0.9570082
0,33,53,78,0.0781640
0,33,99,83,0.7609328
0,33,62,90,-0.6564379
0,33,20,36,-0.0830166
0,33,59,41,-0.7426418
0,33,65,26,-0.9385766
0,33,40,12,1.6516420
0,34,32,57,-0.5255542
0,34,62,16,-0.0941114
0,34,23,21,-0.7077247
0,34,55,90,0.1357972
0,34,21,1,0.9056190
0,34,37,86,-0.2431279
0,34,45,60,-2.2351380
0,34,17,59,0.1239738
0,34,76,68,1.0978560
0,34,33,46,0.4363672
0,35,4,95,-0.4105095
0,35,41,72,0.9687545
0,35,25,38,-0.0418955
0,35,23,98,-0.9230375
0,35,4,74,-0.7598472
0,35,38,30,-0.6415788
0,35,96,26,1.0136540
0,35,71,88,-1.6586670
0,35,7,65,-0.2774357
0,35,91,87,-0.4505651
0,36,0,97,1.0002620
0,36,99,62,0.2503564
0,36,3,70,-0.7655927
0,36,71,28,-1.3532950
0,36,71,36,-2.0934540
0,36,24,61,1.0862220
0,36,17,64,0.5656469
0,36,18,37,-0.2604753
0,36,8,45,-1.0660750
0,36,47,98,-0.3351491
0,37,9,66,-0.6032766
0,37,93,5,-0.2830912
0,37,1,18,-0.5691314
0,37,20,1,1.0507820
0,37,96,19,-0.4683974
0,37,33,98,-0.0307129
0,37,49,35,-0.8398873
0,37,68,51,-0.7122297
0,37,23,84,-0.1072384
0,37,37,18,0.8486468
0,38,71,22,-0.7188744
0,38,29,77,0.1688842
0,38,4,16,-0.3196673
0,38,97,35,0.1526057
0,38,96,53,-1.2672540
0,38,81,90,-0.7092359
0,38,28,88,-0.8980594
0,38,63,85,0.0299669
0,38,82,10,1.3875470
0,38,53,2,-0.2627365
0,39,82,3,0.8931705
0,39,7,96,-1.4504200
0,39,95,94,-1.0791460
0,39,71,38,-1.7568310
0,39,37,25,0.3752576
0,39,43,24,0.1706723
0,39,31,40,-0.5387307
0,39,58,77,0.2788026
0,39,34,99,-0.5792082
0,39,12,12,-1.2549690
0,40,21,9,0.2833344
0,40,91,4,1.3025040
0,40,34,67,-0.0743687
0,40,66,61,0.5347655
0,40,61,92,0.0697895
0,40,48,25,-0.5881220
0,40,48,56,-1.6009560
0,40,4,79,-0.5439529
0,40,65,70,-0.1511412
0,40,96,34,0.5652041
0,41,13,69,0.5836492
0,41,58,55,-0.5437568
0,41,4,86,0.0818041
0,41,79,8,1.6732620
0,41,38,83,0.5964930
0,41,18,65,-0.9524966
0,41,12,73,0.2501792
0,41,18,55,0.9215864
0,41,41,33,-2.2486130
0,41,0,35,-1.2248590
0,42,75,70,0.5713162
0,42,75,34,-2.0066190
0,42,57,74,0.0679576
0,42,89,86,-0.0758668
0,42,12,61,0.1817546
0,42,51,62,-1.0939860
0,42,94,73,-1.0528570
0,42,56,24,-0.9649410
0,42,30,37,-0.9023658
0,42,5,63,1.0911530
0,43,14,25,0.9436841
0,43,82,12,1.2062160
0,43,16,64,0.3784381
0,43,79,31,-0.5371067
0,43,47,66,-1.6856270
0,43,98,64,0.1754657
0,43,41,26,-0.0302017
0,43,48,6,1.0267310
0,43,51,50,-1.2143900
0,43,56,39,-1.4935040
0,44,52,83,-0.9316883
0,44,99,5,-0.4113987
0,44,19,7,1.0118770
0,44,58,91,0.8788779
0,44,85,96,-0.5814518
0,44,76,10,1.4847920
0,44,12,54,0.8050458
0,44,94,53,-1.2105740
0,44,34,51,0.6359276
0,44,31,42,0.4434352
0,45,20,89,0.1191752
0,45,2,60,0.7116653
0,45,94,36,-0.5439983
0,45,45,85,0.7272016
0,45,19,16,-1.5930490
0,45,50,75,0.3392471
0,45,70,36,-1.8698810
0,45,43,0,0.6028702
0,45,10,64,0.0840896
0,45,37,70,0.5316799
0,46,41,3,0.5928504
0,46,17,1,1.1622650
0,46,34,79,0.1815501
0,46,61,60,1.2854060
0,46,60,46,-0.8446170
0,46,12,48,-0.8428883
0,46,47,14,0.5723023
0,46,96,33,0.2395693
0,46,63,89,-0.8742703
0,46,52,14,-0.1136904
0,47,99,38,-0.5918717
0,47,29,40,-1.2063140
0,47,5,99,-0.5030066
0,47,29,79,0.1897959
0,47,90,22,0.0054132
0,47,73,21,-0.7797072
0,47,53,21,-2.1270330
0,47,37,40,-0.1369130
0,47,12,99,-0.2475416
0,47,16,39,-0.5546650
0,48,41,98,0.1011288
0,48,62,48,-0.3723011
0,48,8,9,-0.1367704
0,48,66,98,-0.7724762
0,48,83,59,-0.1167580
0,48,3,51,0.2763196
0,48,96,1,-0.8987958
0,48,95,12,0.0930965
0,48,21,71,-0.7728133
0,48,60,11,0.7982507
0,49,21,21,-1.1597570
0,49,29,94,-0.4855749
0,49,49,29,-0.0308145
0,49,15,98,-0.1418404
0,49,33,29,-0.9328379
0,49,51,72,-1.0477870
0,49,80,38,-0.1942537
0,49,32,83,0.5509266
0,49,44,22,0.3616769
0,49,4,36,-0.1708583
0,50,85,74,-1.1232310
0,50,46,71,-0.3032351
0,50,10,36,-0.9281125
0,50,69,91,-1.0241950
0,50,74,81,-1.8225820
0,50,22,32,0.0454880
0,50,1,2,0.5679915
0,50,51,55,-0.3228567
0,50,91,17,-0.0143036
0,50,33,73,0.1896248
0,51,37,87,-0.1625963
0,51,80,89,-0.8813684
0,51,82,41,-1.2391480
0,51,29,3,0.1247228
0,51,79,1,0.1993255
0,51,50,76,0.4730028
0,51,70,53,0.9716769
0,51,2,56,0.7300175
0,51,76,44,-1.6664650
0,51,59,19,-1.3244600
0,52,94,1,-1.7163650
0,52,72,96,-1.1905510
0,52,59,16,-0.7259963
0,52,52,11,0.5234326
0,52,97,27,-0.2491519
0,52,35,3,0.0405981
0,52,72,89,-1.8164790
0,52,73,59,1.0695340
0,52,32,66,-1.1817810
0,52,3,94,-0.2042407
0,53,89,37,-0.8332803
0,53,48,14,0.5971859
0,53,46,98,-0.6883588
0,53,21,55,1.2836420
0,53,24,34,0.5947065
0,53,45,59,-2.2473850
0,53,81,52,0.6377474
0,53,40,30,-0.5670793
0,53,26,74,-0.4902235
0,53,66,31,-1.5742270
0,54,54,78,-0.5544084
0,54,9,31,0.0683037
0,54,72,51,-0.3265153
0,54,74,12,1.5429970
0,54,79,99,-0.6627082
0,54,98,9,0.2425649
0,54,69,98,-1.3169210
0,54,61,38,-0.8499769
0,54,15,54,0.4436794
0,54,46,5,0.7143615
0,55,55,13,0.0572752
0,55,11,85,-0.0485605
0,55,40,35,-1.7914650
0,55,48,82,-0.0831932
0,55,12,6,-0.1323316
0,55,59,40,-0.7985120
0,55,20,42,-0.4305553
0,55,65,28,-1.0875430
0,55,15,81,-1.5873160
0,55,14,26,1.1866850
0,56,40,12,1.6516420
0,56,12,75,0.7126573
0,56,40,72,1.2025770
0,56,18,31,0.7737649
0,56,28,84,0.0061070
0,56,12,23,1.2884110
0,56,89,0,0.6365801
0,56,34,46,1.0191280
0,56,69,4,0.6529805
0,56,81,70,-1.4639450
0,57,54,1,-0.5052449
0,57,84,32,0.3600056
0,57,81,79,-0.7638242
0,57,76,70,-0.2420003
0,57,6,33,0.4568601
0,57,66,77,-0.4380386
0,57,63,50,-1.0608650
0,57,21,55,1.2836420
0,57,89,99,0.0176732
0,57,41,19,1.0112610
0,58,80,26,-0.3419588
0,58,45,73,0.9187846
0,58,1,26,-0.5285457
0,58,54,44,-1.9968540
0,58,32,16,1.8138630
0,58,70,82,-1.9162070
0,58,40,4,0.1080415
0,58,9,45,-1.3507850
0,58,79,45,-1.0453080
0,58,26,57,1.4207800
0,59,49,63,-0.2041635
0,59,43,7,0.9236817
0,59,5,37,0.0432745
0,59,59,93,0.6549186
0,59,6,36,0.2942496
0,59,96,82,0.6367974
0,59,83,54,-0.4022174
0,59,25,36,0.0453859
0,59,62,74,0.1006998
0,59,29,43,-1.1096870
0,60,48,51,-0.6569825
0,60,43,43,-0.7552690
0,60,14,3,0.9062222
0,60,30,10,0.4480420
0,60,38,18,0.3248451
0,60,36,56,-0.4717012
0,60,20,0,1.0604640
0,60,88,97,-0.3932509
0,60,45,4,0.7927713
0,60,94,5,-0.7665787
0,61,99,13,-0.9252883
0,61,91,21,-0.0922579
0,61,48,46,-1.4116210
0,61,38,81,-0.6456278
0,61,64,91,-0.6988056
0,61,17,14,-1.4095050
0,61,1,29,-0.1842134
0,61,63,55,0.8971087
0,61,76,79,-1.1345560
0,61,46,53,-2.3708550
0,62,13,7,-0.0905720
0,62,94,40,-0.4325595
0,62,73,7,1.9637510
0,62,6,30,0.9146854
0,62,41,90,0.2717290
0,62,79,64,0.0054932
0,62,54,37,-1.8770170
0,62,16,5,0.3795158
0,62,29,90,-0.6329683
0,62,66,33,-1.0695680
0,63,57,46,-2.2756180
0,63,86,36,-0.4319004
0,63,23,8,0.8914469
0,63,44,83,0.3967892
0,63,64,71,0.6245375
0,63,38,0,0.7551494
0,63,82,93,-1.2358140
0,63,83,10,1.0413040
0,63,6,33,0.4568601
0,63,7,50,0.5557757
0,64,60,97,0.3019141
0,64,69,50,-0.7717933
0,64,84,5,2.6471850
0,64,52,15,-0.1717552
0,64,79,22,-1.3217760
0,64,38,7,0.3842437
0,64,41,53,-1.7691780
0,64,97,96,0.2135464
0,64,78,4,0.9329311
0,64,86,43,-0.6354899
0,65,24,82,-0.8333905
0,65,91,94,-1.0964690
0,65,91,55,-1.2204080
0,65,9,88,0.7077294
0,65,93,31,0.7106710
0,65,15,10,-1.1408170
0,65,70,79,-1.3363240
0,65,54,95,-0.3597382
0,65,27,13,0.1364067
0,65,69,23,-0.9010127
0,66,9,4,1.0216080
0,66,35,84,-0.1124022
0,66,56,34,-1.7892830
0,66,8,29,0.7051425
0,66,6,11,-0.2612131
0,66,46,53,-2.3708550
0,66,29,42,-1.4244590
0,66,30,87,-0.2047530
0,66,98,63,-0.0378118
0,66,26,64,-0.5110896
0,67,47,41,-0.9803000
0,67,72,78,-1.9749630
0,67,38,66,0.5989269
0,67,39,89,-0.3380236
0,67,70,35,-2.7000800
0,67,31,30,-1.3362680
0,67,76,99,-0.9726630
0,67,42,93,-0.3097831
0,67,91,77,0.4007652
0,67,21,93,0.2668075
0,68,34,56,-0.5281305
0,68,0,95,1.2638850
0,68,95,99,0.0283209
0,68,43,70,0.0409330
0,68,46,60,-2.3523880
0,68,96,89,-0.6831810
0,68,4,60,0.7277532
0,68,26,99,-0.2110353
0,68,94,41,-0.5174899
0,68,19,18,-0.8909733
0,69,23,38,-0.2342446
0,69,6,78,-0.0088509
0,69,59,29,-2.0084000
0,69,84,54,-0.7770343
0,69,70,85,-0.7947966
0,69,96,91,0.9026693
0,69,73,1,1.2944840
0,69,65,38,-1.2606940
0,69,68,79,-1.2251960
0,69,4,94,-0.5653291
0,70,90,86,-0.5380920
0,70,76,99,-0.9726630
0,70,49,87,-0.4031017
0,70,50,22,-1.8125990
0,70,53,51,-0.1392915
0,70,75,84,-2.0249440
0,70,18,15,-1.1482360
0,70,48,22,-1.0877570
0,70,47,96,0.8705587
0,70,72,26,-1.8177780
0,71,47,4,0.3135893
0,71,35,78,-0.3011723
0,71,23,10,-0.1237962
0,71,77,79,-1.3861140
0,71,44,76,0.7666641
0,71,50,61,-1.1217940
0,71,91,91,-1.4494400
0,71,10,73,0.3649881
0,71,93,40,-0.0646900
0,71,97,84,-0.2685376
0,72,88,76,-0.3301911
0,72,0,55,0.8077586
0,72,16,63,0.2763428
0,72,32,77,-0.1603766
0,72,99,6,0.1221333
0,72,16,26,0.6834385
0,72,77,21,-1.2034890
0,72,38,63,-1.2845170
0,72,83,92,-0.4760626
0,72,21,64,-1.2900320
0,73,97,88,-0.4914611
0,73,83,64,-0.5541605
0,73,41,90,0.2717290
0,73,97,38,-0.4817220
0,73,20,96,0.4713263
0,73,49,32,-1.3117180
0,73,42,76,0.0222349
0,73,56,15,-1.5902720
0,73,79,45,-1.0453080
0,73,42,17,1.6750320
0,74,23,22,-0.3763293
0,74,43,91,-0.2171129
0,74,6,30,0.9146854
0,74,75,5,1.7687000
0,74,87,29,1.1289510
0,74,21,78,-1.0410810
0,74,95,28,0.5480157
0,74,2,45,-0.0863722
0,74,66,14,-0.4404819
0,74,35,49,0.2767389
0,75,31,49,0.7998254
0,75,38,33,-1.9563370
0,75,66,66,0.9484000
0,75,70,15,-0.7064099
0,75,45,83,0.5887172
0,75,97,44,-2.2383070
0,75,71,59,1.0247370
0,75,72,24,-1.1216580
0,75,27,21,-0.3387419
0,75,71,84,-1.4869480
0,76,14,89,-1.5079750
0,76,26,62,-0.1088292
0,76,69,78,-0.3536286
0,76,27,76,-0.4592393
0,76,75,18,-0.7071801
0,76,56,18,-1.6706960
0,76,63,54,0.8094652
0,76,75,24,-0.4435642
0,76,39,82,0.0397358
0,76,39,23,0.2340177
0,77,25,31,0.6056876
0,77,96,29,-0.0842338
0,77,56,35,-1.9091820
0,77,35,57,-0.2522157
0,77,86,22,0.5552326
0,77,85,13,0.2195455
0,77,11,97,-0.4840429
0,77,77,9,1.7219100
0,77,14,25,0.9436841
0,77,41,10,0.9965944
0,78,85,49,-1.2699820
0,78,38,84,0.8421034
0,78,63,20,-0.4398691
0,78,62,18,-0.2434754
0,78,9,62,0.7816886
0,78,73,99,-0.2183830
0,78,97,5,-0.6588387
0,78,65,95,-0.1450289
0,78,75,53,-0.6708138
0,78,73,51,-0.0152911
0,79,55,49,-1.4604330
0,79,18,77,-0.4450188
0,79,32,64,-1.0261900
0,79,90,59,-1.0467930
0,79,10,21,0.0249216
0,79,72,54,0.8059679
0,79,53,64,-0.6250400
0,79,6,32,0.4521017
0,79,89,88,-0.9771828
0,79,67,65,1.9424850
0,80,12,32,-0.4726294
0,80,75,31,-1.4327290
0,80,27,88,-1.0598520
0,80,46,16,0.4817856
0,80,23,71,-0.3933300
0,80,92,5,0.8119667
0,80,16,17,-1.7734440
0,80,36,24,1.0672670
0,80,4,12,-0.2073173
0,80,70,94,-1.0355890
0,81,17,75,0.0127311
0,81,92,96,-1.0506070
0,81,91,33,0.1336798
0,81,66,62,1.0366160
0,81,41,80,0.5159643
0,81,47,37,-0.4547944
0,81,13,35,-1.1362140
0,81,41,8,1.1091830
0,81,67,36,-1.6401090
0,81,17,56,0.3204456
0,82,12,78,0.1220001
0,82,25,55,1.4399380
0,82,42,18,1.5766780
0,82,95,6,-0.7002937
0,82,64,52,-0.2144345
0,82,88,48,-0.2568287
0,82,58,54,-0.3596708
0,82,97,77,0.5221010
0,82,43,2,0.8637166
0,82,37,27,-0.8741801
0,83,45,74,0.6947181
0,83,93,22,-0.0392784
0,83,15,18,-2.0560660
0,83,96,7,0.6261721
0,83,42,34,-1.9363340
0,83,90,50,-1.7809180
0,83,36,85,-0.1764472
0,83,20,60,0.1519862
0,83,41,92,-0.0564541
0,83,46,60,-2.3523880
0,84,1,84,0.5600001
0,84,57,67,0.0177486
0,84,67,50,-0.9764272
0,84,36,92,0.2522453
0,84,43,51,-2.1088470
0,84,94,20,0.6162215
0,84,25,69,-0.6466066
0,84,79,47,-0.1265391
0,84,86,46,-1.2301820
0,84,8,83,-0.3064667
0,85,49,37,-0.5250363
0,85,46,90,0.8245025
0,85,0,95,1.2638850
0,85,91,62,-1.1783580
0,85,19,59,1.4831370
0,85,74,64,1.3669970
0,85,81,84,-0.9945300
0,85,92,32,0.3266065
0,85,40,39,0.3179178
0,85,45,79,0.1699470
0,86,38,69,-0.0703743
0,86,75,66,1.7440390
0,86,59,72,-0.0675441
0,86,99,56,-0.7887003
0,86,15,34,0.0460122
0,86,97,25,0.4314532
0,86,97,8,0.2025811
0,86,12,46,-0.9662266
0,86,2,96,0.4862279
0,86,53,17,-0.3289489
0,87,88,71,-0.9572144
0,87,35,16,1.9655130
0,87,82,91,-0.6245181
0,87,8,1,1.9541280
0,87,40,36,-1.0242670
0,87,64,92,-0.8994908
0,87,79,12,1.5771900
0,87,49,54,-0.6451717
0,87,16,5,0.3795158
0,87,66,52,-0.4288221
0,88,43,43,-0.7552690
0,88,32,16,1.8138630
0,88,61,49,-0.6501317
0,88,56,93,0.0969152
0,88,79,18,0.2892157
0,88,7,34,0.4516219
0,88,36,13,1.3461760
0,88,6,9,0.3720422
0,88,68,41,-1.6918330
0,88,95,20,0.2166278
0,89,36,32,-1.1708530
0,89,8,94,-2.1674490
0,89,23,69,-0.4210286
0,89,55,57,-0.0125738
0,89,5,24,0.8282991
0,89,17,77,-0.5904456
0,89,37,24,1.6548890
0,89,16,91,-0.3658795
0,89,95,3,-0.6758567
0,89,97,88,-0.4914611
0,90,21,42,-0.6910919
0,90,24,66,-0.5963658
0,90,99,83,0.7609328
0,90,88,89,-1.7907720
0,90,15,60,0.2867116
0,90,3,68,-0.7624193
0,90,20,85,0.3708488
0,90,29,15,0.9621769
0,90,82,70,-1.6621980
0,90,9,77,0.8691821
0,91,5,90,-0.4369848
0,91,67,33,-0.8289128
0,91,34,91,-0.6366160
0,91,86,93,-0.9912520
0,91,47,55,-1.7599150
0,91,11,93,-1.2922290
0,91,47,29,-0.7011324
0,91,26,12,0.2594130
0,91,44,26,-0.3325967
0,91,60,97,0.3019141
0,92,73,46,-0.5467440
0,92,94,6,-0.3433505
0,92,66,21,0.4044079
0,92,76,45,-1.3180770
0,92,74,25,-0.5997117
0,92,10,78,0.8743019
0,92,39,90,-0.0814216
0,92,91,34,-0.4150271
0,92,11,48,-0.4287623
0,92,15,79,-0.8616307
0,93,32,18,0.8828135
0,93,31,30,-1.3362680
0,93,41,52,-0.9623308
0,93,78,44,-1.1860600
0,93,85,13,0.2195455
0,93,87,24,1.1109290
0,93,76,43,-1.3920420
0,93,13,91,-0.3052169
0,93,17,60,-0.0408058
0,93,47,37,-0.4547944
0,94,63,34,-1.5345290
0,94,2,37,-0.6211861
0,94,80,63,-0.3019793
0,94,1,29,-0.1842134
0,94,48,18,0.0987212
0,94,0,1,-0.2696115
0,94,41,58,-1.9192550
0,94,94,40,-0.4325595
0,94,79,54,0.1575563
0,94,49,66,-1.4129870
0,95,32,89,-0.8763419
0,95,80,27,-0.2016222
0,95,58,86,-0.3886044
0,95,20,71,0.0481332
0,95,69,2,0.7933613
0,95,45,48,-1.6816570
0,95,26,95,0.0361659
0,95,44,49,-2.0926440
0,95,0,6,-0.6699654
0,95,54,14,-1.2185700
0,96,18,72,0.8443923
0,96,34,19,1.3865070
0,96,55,9,0.3116163
0,96,9,31,0.0683037
0,96,97,66,-0.2122364
0,96,74,68,1.0092890
0,96,13,68,1.0070220
0,96,69,38,-2.5282390
0,96,20,78,-1.3399000
0,96,19,6,1.4084870
0,97,71,58,0.6319545
0,97,72,97,-1.0007960
0,97,80,7,1.4158240
0,97,37,26,-0.7486618
0,97,92,34,-0.5455405
0,97,33,55,0.5152380
0,97,52,24,-1.7792380
0,97,11,15,-0.9274273
0,97,25,87,0.4573923
0,97,36,54,-1.0666380
0,98,95,7,-0.0776460
0,98,49,73,-0.0252679
0,98,72,36,-2.4402780
0,98,26,86,-0.9107918
0,98,60,33,-0.8002255
0,98,4,85,0.3634587
0,98,21,95,0.4475839
0,98,97,34,0.4198887
0,98,86,97,0.1572190
0,98,61,63,1.4282700
0,99,79,50,-0.1690154
0,99,29,98,-0.4988662
0,99,20,91,0.2275044
0,99,73,86,-1.7840100
0,99,74,16,-0.5302666
0,99,35,73,0.5620340
0,99,12,63,0.5042863
0,99,76,69,1.0350950
0,99,34,83,-0.3748036
0,99,36,21,0.8107886
0,100,70,26,-1.7877200
0,100,1,60,0.5588519
0,100,69,55,0.5638539
0,100,88,68,-1.4320580
0,100,52,15,-0.1717552
0,100,93,91,-1.1433930
0,100,84,51,-0.7291249
0,100,73,99,-0.2183830
0,100,6,22,1.5135790
0,100,3,79,-0.6233591
0,101,16,36,0.0624377
0,101,65,21,0.5608286
0,101,23,60,1.1107310
0,101,2,38,-1.0012260
0,101,3,43,-0.7928121
0,101,67,50,-0.9764272
0,101,78,28,-0.7759306
0,101,35,89,-0.7591696
0,101,0,84,0.7706024
0,101,90,63,-1.3064480
0,102,25,34,0.0121891
0,102,92,67,-1.7294850
0,102,55,96,0.0696623
0,102,21,66,-0.6129882
0,102,2,15,-1.0340140
0,102,31,51,0.5271544
0,102,6,7,0.3992738
0,102,8,23,1.0411250
0,102,36,2,0.6795842
0,102,12,84,-0.9859344
0,103,26,82,-1.4261270
0,103,72,98,-0.2466157
0,103,27,77,-0.4828561
0,103,57,42,-1.5604600
0,103,10,25,1.3741600
0,103,98,6,-0.2906457
0,103,4,80,-0.3736669
0,103,83,70,-1.8683180
0,103,85,46,-1.4866140
0,103,0,71,-1.0912790
0,104,42,70,0.0813216
0,104,81,20,-0.0484182
0,104,70,73,0.6246942
0,104,38,52,-1.9274310
0,104,69,44,-1.2360580
0,104,77,26,-1.4003750
0,104,91,72,-1.1432770
0,104,21,56,0.8408691
0,104,22,22,-0.8703260
0,104,90,92,-1.5594930
0,105,5,12,-0.2971852
0,105,26,14,-0.9037504
0,105,51,83,-1.0315550
0,105,69,9,0.4589175
0,105,42,15,1.6492580
0,105,52,95,-0.2082629
0,105,10,1,1.5504000
0,105,66,25,-0.4853891
0,105,86,33,-0.6391056
0,105,87,82,0.8275221
0,106,88,66,-1.5439330
0,106,51,29,0.1096018
0,106,84,14,-0.1101305
0,106,97,21,0.2047003
0,106,88,55,-0.5134919
0,106,8,82,-0.3228106
0,106,50,46,-1.9454410
0,106,24,76,0.2434036
0,106,42,33,-2.0030770
0,106,61,38,-0.8499769
0,107,69,96,-0.9866047
0,107,73,13,1.3486160
0,107,51,34,-1.7999610
0,107,87,78,-0.2248152
0,107,11,18,-2.0717990
0,107,97,36,-0.0986111
0,107,23,75,-0.9968557
0,107,64,1,-0.6177570
0,107,35,32,-0.4117056
0,107,83,15,-0.6189015
0,108,15,89,-1.1041400
0,108,37,18,0.8486468
0,108,54,83,-1.2288640
0,108,49,67,-1.1652290
0,108,14,10,-0.7116186
0,108,85,33,-0.3797627
0,108,56,30,-2.3138120
0,108,74,4,1.3258640
0,108,8,28,0.8116401
0,108,23,39,-1.1458150
0,109,50,11,1.2136610
0,109,2,23,0.1247598
0,109,76,15,-0.0880523
0,109,85,54,-0.3554751
0,109,92,57,-1.4099400
0,109,75,93,-1.1082340
0,109,56,76,-0.1867117
0,109,46,70,-0.2970731
0,109,64,90,-0.8882891
0,109,35,35,-0.8174288
0,110,48,89,0.1447097
0,110,34,5,-0.4469900
0,110,24,37,-0.4527679
0,110,63,42,-1.7269280
0,110,43,43,-0.7552690
0,110,58,90,0.4650484
0,110,5,86,0.6456470
0,110,60,6,0.4540091
0,110,96,83,0.2044183
0,110,2,49,0.4270411
0,111,7,17,-0.0750394
0,111,40,90,-0.6260653
0,111,41,57,-1.9527380
0,111,90,87,-0.8835903
0,111,48,93,-0.6836666
0,111,58,93,0.6613471
0,111,63,96,-0.4445515
0,111,42,56,-2.4069120
0,111,34,93,-0.1970934
0,111,54,88,-0.5072340
0,112,51,10,1.2040080
0,112,81,44,-0.6335148
0,112,13,4,0.7281160
0,112,99,24,0.8064324
0,112,38,69,-0.0703743
0,112,53,15,-0.4788888
0,112,42,13,1.4296850
0,112,10,44,-2.1786070
0,112,64,19,0.3366246
0,112,50,34,-1.1813010
0,113,28,66,-1.6115430
0,113,49,76,0.0076166
0,113,6,52,0.0640091
0,113,30,19,0.6741282
0,113,10,8,0.0764681
0,113,11,32,-0.2510985
0,113,36,92,0.2522453
0,113,20,58,1.4132560
0,113,27,69,-0.7423798
0,113,62,32,-1.2356250
0,114,71,39,-2.1465310
0,114,87,68,-0.7526316
0,114,21,73,0.2367544
0,114,23,15,-2.0436960
0,114,61,34,-1.7992710
0,114,25,81,-0.7628470
0,114,3,11,-0.5044920
0,114,7,83,0.1528477
0,114,56,4,0.0801441
0,114,47,87,-0.4225727
0,115,84,64,-0.9782219
0,115,92,6,1.0175600
0,115,85,51,-1.0639940
0,115,13,27,1.6485160
0,115,4,1,1.1013710
0,115,51,89,-0.9556384
0,115,17,9,-1.1251310
0,115,23,52,0.2120710
0,115,60,31,-1.4138050
0,115,0,79,0.0645416
0,116,44,13,1.2256210
0,116,58,18,-1.8113880
0,116,68,15,-0.7196488
0,116,77,51,-0.4989508
0,116,44,32,-0.8841704
0,116,94,90,-1.2376500
0,116,78,46,-0.6527440
0,116,75,83,-2.1298860
0,116,49,1,0.2451170
0,116,20,25,-0.5794122
0,117,9,26,0.8995587
0,117,5,97,-0.7740317
0,117,48,53,-1.0794980
0,117,28,55,0.7360319
0,117,32,83,0.5509266
0,117,83,40,-1.9147880
0,117,62,10,0.9764839
0,117,65,5,0.5463612
0,117,95,60,-0.4207715
0,117,97,13,-0.3758119
0,118,55,86,-0.7172160
0,118,55,62,-0.6058700
0,118,97,86,0.0523263
0,118,29,2,0.6409560
0,118,50,69,-1.1653680
0,118,53,0,-0.0476490
0,118,17,47,0.4991247
0,118,68,51,-0.7122297
0,118,18,78,-0.2729580
0,118,83,94,-0.8751998
0,119,29,11,0.4708108
0,119,55,6,0.9915208
0,119,33,92,0.0245405
0,119,17,25,0.6188902
0,119,15,26,0.7834866
0,119,30,22,-0.3410909
0,119,46,32,-0.6811258
0,119,84,15,-0.3365020
0,119,48,95,0.2016612
0,119,52,58,-0.3885880
0,120,14,71,0.5649192
0,120,24,50,-0.9596021
0,120,36,52,-0.9117976
0,120,83,26,0.9875850
0,120,16,55,0.8063590
0,120,92,5,0.8119667
0,120,6,14,-0.7906430
0,120,49,96,-0.2454415
0,120,59,89,0.0811704
0,120,42,49,-1.2900780
0,121,20,42,-0.4305553
0,121,58,36,-2.0594310
0,121,20,46,0.0809831
0,121,39,70,0.8093004
0,121,18,99,-0.4204312
0,121,72,69,0.4149957
0,121,58,19,-1.1053640
0,121,94,59,-1.0440450
0,121,93,46,-1.5407770
0,121,97,54,-0.6603108
0,122,28,96,-0.1911079
0,122,98,54,-0.6625387
0,122,68,38,-2.2804600
0,122,0,2,-0.0193959
0,122,70,61,0.7963090
0,122,1,98,0.8777708
0,122,9,74,0.7640992
0,122,96,54,-0.9030274
0,122,66,43,-1.4303820
0,122,66,98,-0.7724762
0,123,8,73,0.8810191
0,123,97,28,0.2150529
0,123,39,0,0.2991056
0,123,28,57,1.1606760
0,123,42,94,0.1697526
0,123,59,11,0.7939500
0,123,41,2,0.1049199
0,123,15,48,0.0232374
0,123,81,75,-1.7326320
0,123,59,18,-0.8507663
0,124,18,19,-1.4405840
0,124,1,34,-1.7669360
0,124,46,47,-1.3086980
0,124,30,72,-1.6180020
0,124,24,73,-0.2799584
0,124,85,62,-1.3290610
0,124,12,37,-0.7918537
0,124,74,85,-2.0026400
0,124,87,29,1.1289510
0,124,68,59,0.6015251
0,125,56,75,-0.2882646
0,125,14,15,-1.4947850
0,125,70,89,-1.7530470
0,125,34,54,0.5495967
0,125,98,7,-0.1398751
0,125,74,13,1.4800910
0,125,23,22,-0.3763293
0,125,18,81,-0.2170167
0,125,64,97,-0.9789308
0,125,77,97,-0.7877753
0,126,97,48,-1.2958440
0,126,15,93,-0.4420877
0,126,29,73,-1.2734510
0,126,47,88,0.0210704
0,126,85,4,1.4151810
0,126,27,7,1.5554870
0,126,84,63,-0.7824644
0,126,48,46,-1.4116210
0,126,33,20,0.8583800
0,126,84,92,-1.0226450
0,127,11,22,0.5385167
0,127,43,23,0.1474735
0,127,29,74,-0.7070808
0,127,53,14,-0.9021650
0,127,63,18,-0.0639161
0,127,86,66,-0.9278379
0,127,75,19,-0.7061602
0,127,20,63,-0.4717142
0,127,39,30,-0.5521509
0,127,62,41,-1.3795220
0,128,2,35,-0.9409329
0,128,48,29,0.3636313
0,128,57,33,-1.8518340
0,128,32,82,0.8052396
0,128,0,86,0.6942567
0,128,80,85,-1.1085300
0,128,15,11,-1.0044910
0,128,88,28,0.9530645
0,128,2,44,-0.5758510
0,128,2,19,-0.3812378
0,129,70,57,0.3674321
0,129,73,49,-0.9136421
0,129,18,77,-0.4450188
0,129,55,4,-0.0687196
0,129,14,63,-1.2562440
0,129,24,17,-0.8698163
0,129,90,64,-1.3398400
0,129,40,55,-1.1155270
0,129,18,23,-1.1632210
0,129,83,56,-0.2501898
0,130,82,69,-1.2430040
0,130,32,17,1.1489610
0,130,5,41,-1.9035250
0,130,34,1,0.4135424
0,130,62,38,-1.1339850
0,130,79,24,-0.5769109
0,130,46,3,0.8102492
0,130,0,1,-0.2696115
0,130,33,79,0.3148623
0,130,19,65,-0.9512971
0,131,60,90,0.0922192
0,131,4,30,0.1792506
0,131,30,63,-0.4818351
0,131,5,52,0.0554010
0,131,28,64,-1.3380900
0,131,99,87,0.1192124
0,131,8,8,0.4113287
0,131,63,99,0.4712062
0,131,96,88,-0.6745968
0,131,96,16,0.1593035
0,132,88,6,1.6918240
0,132,3,34,-0.3761395
0,132,43,11,1.1504230
0,132,53,74,-0.6814453
0,132,42,58,-1.4107130
0,132,6,62,1.1448300
0,132,36,14,0.7399353
0,132,23,19,-0.8968539
0,132,58,78,-0.3856182
0,132,51,82,-0.7680001
0,133,9,34,0.1702510
0,133,57,68,-0.2116335
0,133,66,84,-0.8769438
0,133,31,93,-0.4037955
0,133,86,88,-1.1481000
0,133,41,60,-1.4250700
0,133,94,44,-1.1534830
0,133,90,20,0.3307833
0,133,33,26,-1.2659370
0,133,82,46,-0.4943981
0,134,98,89,0.1879125
0,134,74,65,0.9701193
0,134,66,53,0.0315472
0,134,50,42,-0.7318425
0,134,41,43,-0.1950807
0,134,57,58,-0.5274022
0,134,21,72,-0.3083057
0,134,97,67,-0.5103125
0,134,16,79,-1.3252850
0,134,61,32,-1.4380420
0,135,15,26,0.7834866
0,135,63,28,-1.1660010
0,135,66,55,0.5483768
0,135,51,11,0.7211871
0,135,69,84,-1.0299500
0,135,81,66,-0.5829121
0,135,28,27,-0.8637383
0,135,10,18,-1.8074550
0,135,74,20,-0.9151345
0,135,97,63,0.3645978
0,136,47,86,0.1419605
0,136,36,83,-0.2236340
0,136,48,4,0.3913271
0,136,19,77,-0.4685425
0,136,53,87,-0.1932499
0,136,66,75,-0.2812056
0,136,3,57,0.6654169
0,136,73,41,-1.0851250
0,136,89,5,2.3483120
0,136,95,59,-0.8304210
0,137,21,37,-0.1969705
0,137,83,26,0.9875850
0,137,52,10,0.8994551
0,137,62,75,0.4650792
0,137,40,83,0.7441949
0,137,25,79,-0.2147753
0,137,84,29,0.2803905
0,137,16,25,0.9229672
0,137,43,76,0.5544904
0,137,31,78,0.2722492
0,138,21,73,0.2367544
0,138,15,39,-1.2182940
0,138,44,33,-1.0377660
0,138,29,97,-0.7355589
0,138,83,39,-1.5111960
0,138,66,35,-1.3264440
0,138,93,81,0.6898689
0,138,21,87,0.6537611
0,138,69,63,1.2257820
0,138,66,3,0.9583338
0,139,4,75,-0.2418112
0,139,98,71,0.0029877
0,139,83,75,-0.8441799
0,139,70,48,-0.7856170
0,139,21,49,0.1787447
0,139,70,97,-1.3447820
0,139,12,73,0.2501792
0,139,1,87,-0.4557848
0,139,21,79,-0.9409442
0,139,95,71,-0.5818980
0,140,92,28,0.3649235
0,140,15,75,0.1861965
0,140,46,41,-1.6956430
0,140,87,37,-1.2188420
0,140,13,81,-0.4739165
0,140,74,93,-1.0864240
0,140,98,17,-0.0777407
0,140,20,90,-0.4754264
0,140,48,50,-1.0589260
0,140,20,70,-0.0483867
0,141,67,72,0.6041150
0,141,98,16,-0.1364655
0,141,15,20,-0.9498283
0,141,24,38,-0.2653305
0,141,38,8,0.8853660
0,141,64,61,0.9903742
0,141,9,73,0.3933829
0,141,34,32,-0.1723783
0,141,5,54,0.0052455
0,141,27,26,-0.7799837
0,142,79,76,-0.7426302
0,142,50,37,-0.9636733
0,142,9,5,0.5753971
0,142,85,91,-0.7369772
0,142,44,75,0.4433780
0,142,89,83,0.9579435
0,142,35,24,0.9247913
0,142,91,36,-0.4298649
0,142,39,49,0.6470756
0,142,36,57,-0.0763460
0,143,11,74,0.6131346
0,143,43,91,-0.2171129
0,143,55,47,-3.1535520
0,143,64,25,-0.1240921
0,143,7,10,0.0274262
0,143,48,59,-1.8488210
0,143,59,43,-1.0708720
0,143,49,64,-0.7416071
0,143,9,39,-1.3387570
0,143,35,61,-0.4590388
0,144,5,95,-1.0542580
0,144,7,90,-0.7210017
0,144,94,85,0.4423010
0,144,52,95,-0.2082629
0,144,93,16,-0.3565312
0,144,19,15,-1.9974100
0,144,70,83,-1.9112280
0,144,28,31,-1.4948640
0,144,71,76,-0.7517054
0,144,95,17,-0.3676835
0,145,78,67,-0.0540760
0,145,72,85,-1.6063810
0,145,46,82,0.4988502
0,145,30,66,-1.1062790
0,145,36,23,1.3022880
0,145,39,35,-1.2817970
0,145,96,76,0.5284225
0,145,15,5,0.4104911
0,145,77,55,-0.2278312
0,145,1,15,-0.8185912
0,146,56,92,0.3829688
0,146,41,39,-0.0452483
0,146,68,3,0.1326629
0,146,78,22,-1.0024730
0,146,80,99,-0.6108565
0,146,18,44,-0.4375877
0,146,69,57,0.4960269
0,146,86,53,-0.8934311
0,146,83,71,-1.1798210
0,146,55,89,-0.2535278
0,147,99,85,0.6506164
0,147,29,68,-0.9548825
0,147,39,50,-0.0059138
0,147,9,8,0.5219762
0,147,76,15,-0.0880523
0,147,54,29,-0.8913417
0,147,55,97,0.6989805
0,147,99,98,0.0615150
0,147,51,88,-0.8666096
0,147,95,40,-0.6555952
0,148,75,42,-1.9009700
0,148,13,41,-2.0324700
0,148,29,97,-0.7355589
0,148,9,94,-1.8344470
0,148,81,30,-0.1519178
0,148,95,47,-2.0492920
0,148,93,37,-0.1786497
0,148,97,38,-0.4817220
0,148,73,22,-0.7618351
0,148,75,9,1.6988920
0,149,5,70,-0.8123557
0,149,18,98,0.3602128
0,149,60,39,-0.6113947
0,149,73,76,-0.6829818
0,149,86,95,-0.2784526
0,149,62,65,0.9198815
0,149,39,86,0.0607433
0,149,35,8,1.0208070
0,149,14,64,-0.6825382
0,149,49,49,-1.7647300
0,150,7,68,-0.5154266
0,150,82,66,-0.7930626
0,150,79,54,0.1575563
0,150,23,59,0.5482075
0,150,41,28,-0.4502542
0,150,73,31,-1.5725210
0,150,73,55,0.3450289
0,150,94,6,-0.3433505
0,150,9,15,-0.6244116
0,150,74,22,-0.3716872
0,151,6,26,0.4897118
0,151,87,79,0.0956287
0,151,11,61,0.1609763
0,151,67,29,-1.0670060
0,151,15,67,0.6136536
0,151,0,62,0.1958688
0,151,8,69,-0.2702014
0,151,35,40,-0.4077242
0,151,13,22,0.6272481
0,151,49,99,0.5890167
0,152,87,20,0.4126474
0,152,80,24,0.1628717
0,152,40,33,-1.8339810
0,152,32,80,0.0985473
0,152,69,40,-1.7309940
0,152,76,14,0.7750795
0,152,16,5,0.3795158
0,152,63,49,-0.2875604
0,152,96,47,-2.4555260
0,152,60,37,-1.2181020
0,153,0,63,-0.0714100
0,153,81,9,0.9552812
0,153,36,99,0.1753846
0,153,96,12,0.0366230
0,153,40,26,-0.6055509
0,153,55,38,-1.9192740
0,153,67,5,0.6691001
0,153,85,28,0.9331933
0,153,34,78,-0.4463213
0,153,34,5,-0.4469900
0,154,38,15,1.0303010
0,154,45,45,-1.3945360
0,154,93,23,0.1326907
0,154,78,24,-1.0012840
0,154,85,90,-1.1567820
0,154,72,88,-1.6252490
0,154,12,68,0.3545812
0,154,67,39,-1.1709500
0,154,63,82,0.6709618
0,154,35,22,1.3397920
0,155,57,83,-0.0686603
0,155,54,6,0.1954340
0,155,73,77,-1.1740350
0,155,96,56,-1.7289190
0,155,93,33,0.2155170
0,155,46,26,-0.5512208
0,155,0,8,-0.5680607
0,155,37,87,-0.1625963
0,155,3,20,0.5138012
0,155,25,45,-1.5190780
0,156,48,54,-1.4100970
0,156,14,9,0.0835953
0,156,50,45,-1.8824960
0,156,47,38,-1.0198360
0,156,81,68,-1.3321630
0,156,6,79,0.2727923
0,156,7,89,-0.2253389
0,156,73,38,-2.2977860
0,156,69,29,-1.7433510
0,156,93,10,0.4118742
0,157,70,25,-0.9790733
0,157,60,20,-0.9284648
0,157,94,31,0.4578756
0,157,86,21,-0.0148355
0,157,96,88,-0.6745968
0,157,46,12,1.2111700
0,157,38,67,-0.3750199
0,157,83,18,-0.1898771
0,157,93,30,0.1576920
0,157,43,95,-0.4241713
0,158,38,20,0.4640811
0,158,29,30,-1.0974100
0,158,31,23,-0.2112358
0,158,29,90,-0.6329683
0,158,46,41,-1.6956430
0,158,49,45,-0.9843963
0,158,5,19,0.0826171
0,158,27,81,-1.2330320
0,158,95,24,1.4178750
0,158,13,55,0.9451045
0,159,40,11,1.7571750
0,159,22,22,-0.8703260
0,159,97,75,0.1449301
0,159,66,17,-0.2071725
0,159,23,61,0.9855089
0,159,64,78,0.2832474
0,159,73,4,0.9237030
0,159,21,87,0.6537611
0,159,25,32,0.0090452
0,159,56,95,0.3622114
0,160,70,50,-0.9064573
0,160,51,87,-0.6831638
0,160,15,85,-0.6412551
0,160,78,43,-0.8134493
0,160,70,94,-1.0355890
0,160,5,91,-0.3154816
0,160,77,1,1.0475870
0,160,29,12,0.6898849
0,160,57,11,0.8211983
0,160,17,25,0.6188902
0,161,0,93,0.5352543
0,161,67,51,-0.4070504
0,161,63,6,0.5320107
0,161,53,22,-1.3319270
0,161,80,28,-0.1558262
0,161,58,79,-0.1638430
0,161,91,86,-0.3806511
0,161,51,64,-1.1799660
0,161,36,58,0.0989698
0,161,69,10,0.5256861
0,162,38,33,-1.9563370
0,162,19,85,0.0789417
0,162,36,78,-0.5109474
0,162,31,98,-0.2050007
0,162,8,97,-1.2217100
0,162,17,57,1.2330170
0,162,5,51,0.4078284
0,162,55,34,-2.4247700
0,162,82,78,-0.7722505
0,162,63,31,-1.3026130
0,163,30,94,-0.5335758
0,163,52,9,1.1894940
0,163,14,99,-1.0061340
0,163,40,63,-1.2780890
0,163,21,1,0.9056190
0,163,73,61,0.4985008
0,163,26,56,1.3296110
0,163,4,84,-0.3071426
0,163,41,39,-0.0452483
0,163,3,25,0.3617307
0,164,62,78,-0.2094330
0,164,55,17,-1.0116230
0,164,88,87,-0.4100768
0,164,33,38,-0.8902350
0,164,6,48,0.4008118
0,164,29,58,1.8345630
0,164,52,2,0.3272633
0,164,95,39,-0.4420701
0,164,81,39,-0.4745084
0,164,68,77,-0.5771729
0,165,66,3,0.9583338
0,165,79,44,-1.0083810
0,165,34,37,-0.8267124
0,165,15,49,0.0520854
0,165,6,77,0.5848880
0,165,30,52,0.4358136
0,165,14,12,-1.1017470
0,165,77,96,-1.1087430
0,165,0,40,-0.3307790
0,165,43,44,-1.3384850
0,166,55,66,-0.6059791
0,166,64,47,-0.9334320
0,166,55,74,-0.0820069
0,166,46,13,0.7132890
0,166,2,55,-0.1337548
0,166,53,88,-0.3114758
0,166,67,76,-0.4517617
0,166,29,97,-0.7355589
0,166,5,76,-0.2222724
0,166,92,70,-1.8396530
0,167,34,60,0.6804436
0,167,23,11,-0.2498677
0,167,54,64,-0.6485219
0,167,0,15,-0.9905351
0,167,19,19,-0.7682756
0,167,87,29,1.1289510
0,167,29,72,-1.2875780
0,167,80,2,0.5844529
0,167,3,77,-0.1284450
0,167,52,47,-1.2968870
0,168,46,81,0.4289311
0,168,56,43,-1.7890270
0,168,64,49,-0.7575519
0,168,86,44,-0.6710817
0,168,4,43,-1.2799260
0,168,51,37,-1.0448730
0,168,77,70,-0.3154467
0,168,97,75,0.1449301
0,168,19,65,-0.9512971
0,168,21,52,1.3132640
0,169,71,90,-2.1282480
0,169,68,93,-0.6193155
0,169,69,55,0.5638539
0,169,42,32,-1.4596510
0,169,81,51,0.4515677
0,169,78,82,-1.5546910
0,169,49,10,0.4067549
0,169,70,84,-1.1945090
0,169,1,94,0.5976507
0,169,50,6,1.0632820
0,170,70,43,-1.0218900
0,170,73,72,0.8646752
0,170,60,78,0.4912237
0,170,54,17,-0.6207051
0,170,96,85,0.1191876
0,170,33,30,-0.7284258
0,170,85,94,-0.5938874
0,170,53,16,-0.2023902
0,170,9,52,0.4966381
0,170,54,31,-0.9955469
0,171,85,26,0.3750059
0,171,6,10,0.1111522
0,171,95,96,-0.2244941
0,171,45,31,-1.2802300
0,171,95,75,-0.2102331
0,171,59,89,0.0811704
0,171,42,17,1.6750320
0,171,39,80,0.4458356
0,171,25,95,-0.0591865
0,171,70,96,-1.7183300
0,172,45,29,-1.0366730
0,172,50,48,-1.4202880
0,172,55,1,-0.4654967
0,172,30,86,0.0403318
0,172,13,73,0.8570878
0,172,31,99,-0.8933049
0,172,82,22,-0.2837881
0,172,99,92,0.2411224
0,172,38,25,0.2578561
0,172,27,44,-1.5787600
0,173,86,98,0.5644726
0,173,18,16,-1.2671150
0,173,28,38,-0.8449832
0,173,32,92,-0.3666627
0,173,51,29,0.1096018
0,173,91,63,-1.2788280
0,173,71,38,-1.7568310
0,173,90,6,1.6938830
0,173,79,7,1.4395900
0,173,41,7,1.0272780
0,174,80,72,-1.4016400
0,174,49,6,1.0524700
0,174,96,0,-0.7501349
0,174,30,45,-0.3710284
0,174,39,70,0.8093004
0,174,1,85,0.6732175
0,174,67,96,-0.9501204
0,174,37,72,0.5245481
0,174,78,51,-0.0545663
0,174,94,94,-1.2576480
0,175,54,68,-0.2998709
0,175,40,96,0.4521401
0,175,24,88,-0.0224711
0,175,16,69,0.2880130
0,175,58,32,-1.4590340
0,175,38,86,-0.2505984
0,175,58,33,-1.5754850
0,175,67,38,-1.1796280
0,175,88,59,-0.9097568
0,175,78,45,-1.0359130
0,176,70,76,-0.3204157
0,176,89,2,0.6531269
0,176,12,78,0.1220001
0,176,67,1,0.7129948
0,176,78,43,-0.8134493
0,176,92,74,-0.2529798
0,176,78,21,-0.8084216
0,176,47,98,-0.3351491
0,176,7,71,0.4663981
0,176,58,84,-0.4633787
0,177,40,65,-0.5343396
0,177,15,15,-2.1462990
0,177,10,24,1.5473430
0,177,51,87,-0.6831638
0,177,43,22,0.3229879
0,177,4,68,-1.0573860
0,177,1,2,0.5679915
0,177,30,12,1.4438680
0,177,96,99,0.0399260
0,177,67,61,1.0532090
0,178,41,43,-0.1950807
0,178,97,76,0.2506305
0,178,36,9,0.7672136
0,178,31,49,0.7998254
0,178,54,90,0.2867284
0,178,18,43,-0.2127891
0,178,78,48,-0.3745946
0,178,9,87,0.5438295
0,178,24,25,-0.7249411
0,178,8,17,0.1305210
0,179,88,67,-0.7343200
0,179,72,92,-0.9866193
0,179,21,6,1.6761210
0,179,78,22,-1.0024730
0,179,73,87,-1.5316630
0,179,40,54,-1.5216950
0,179,20,5,1.2945310
0,179,9,77,0.8691821
0,179,38,35,-1.7686590
0,179,47,82,0.2424408
0,180,32,24,-0.7716240
0,180,96,49,-1.3828370
0,180,42,42,0.0759931
0,180,56,33,-2.4442270
0,180,44,18,0.8677292
0,180,39,21,0.6714348
0,180,75,37,-1.5026420
0,180,15,62,-0.7659072
0,180,72,49,-0.4239367
0,180,0,20,-0.0859578
0,181,77,91,-1.0204930
0,181,12,7,-0.5366799
0,181,22,95,0.5469484
0,181,85,56,-0.2118999
0,181,75,12,1.8292610
0,181,10,65,-0.5329855
0,181,41,18,1.4367850
0,181,79,81,-1.4231670
0,181,40,46,-1.0435950
0,181,11,76,1.1217920
0,182,63,70,-0.3851293
0,182,9,9,-0.1307213
0,182,65,58,0.0821879
0,182,93,21,-0.0720192
0,182,80,94,-0.7898364
0,182,2,24,0.1495512
0,182,12,61,0.1817546
0,182,63,43,-1.6633380
0,182,23,57,1.2126410
0,182,82,54,0.0656820
0,183,48,62,-0.9364005
0,183,49,12,0.3258180
0,183,67,59,0.8336967
0,183,18,24,-0.5509457
0,183,94,66,-0.2975447
0,183,36,50,-0.0294086
0,183,7,5,1.2209420
0,183,34,81,0.3426122
0,183,93,68,-1.4334060
0,183,49,31,-0.6637649
0,184,49,37,-0.5250363
0,184,44,26,-0.3325967
0,184,22,64,-0.2416390
0,184,70,71,0.6781715
0,184,97,51,-0.2495834
0,184,24,5,1.3739280
0,184,37,44,0.8858093
0,184,73,50,-0.7889495
0,184,22,84,0.2174765
0,184,92,17,-0.3409737
0,185,60,62,0.6242805
0,185,23,26,-0.0373761
0,185,60,81,-0.2390935
0,185,95,98,-0.1681359
0,185,63,97,-0.3900522
0,185,94,73,-1.0528570
0,185,73,49,-0.9136421
0,185,31,4,0.3942742
0,185,10,11,-0.9839508
0,185,33,29,-0.9328379
0,186,33,4,-0.5329556
0,186,77,22,-1.4014230
0,186,21,47,-0.2793909
0,186,30,82,0.3678333
0,186,2,64,0.7118191
0,186,77,6,1.1762730
0,186,64,75,-0.3093221
0,186,40,39,0.3179178
0,186,74,44,-1.3083610
0,186,11,7,-0.2075334
0,187,66,73,-0.5345084
0,187,63,65,0.9035527
0,187,63,73,0.3751067
0,187,55,76,-0.1839504
0,187,3,83,-0.1394214
0,187,74,10,1.5558520
0,187,56,22,-1.2761050
0,187,95,80,0.6899146
0,187,63,70,-0.3851293
0,187,71,87,-2.1876110
0,188,84,36,-0.1541855
0,188,2,34,-1.4021590
0,188,38,86,-0.2505984
0,188,67,11,0.4277880
0,188,39,14,1.2316730
0,188,66,63,0.7781921
0,188,60,71,0.0292866
0,188,56,27,-1.4120110
0,188,65,59,0.2214827
0,188,43,95,-0.4241713
0,189,66,67,0.3126152
0,189,23,72,-0.4945621
0,189,41,74,0.9657427
0,189,56,88,0.1838229
0,189,67,30,-0.9570082
0,189,1,21,-0.1773885
0,189,27,35,-0.0194338
0,189,67,61,1.0532090
0,189,18,64,-0.1160049
0,189,24,10,0.4848202
0,190,27,63,-0.8607856
0,190,35,19,0.9171674
0,190,82,22,-0.2837881
0,190,58,91,0.8788779
0,190,74,34,-2.1133540
0,190,52,80,-0.6094523
0,190,13,78,0.0292499
0,190,55,0,-0.0554832
0,190,22,97,-0.5150607
0,190,76,85,-2.2119900
0,191,63,2,0.2737218
0,191,65,91,-0.4848255
0,191,45,32,-0.8544495
0,191,99,85,0.6506164
0,191,84,98,-0.7915780
0,191,13,23,1.2260640
0,191,20,16,-1.3245240
0,191,75,38,-1.4188860
0,191,30,23,-0.0528737
0,191,10,95,-1.6614680
0,192,73,50,-0.7889495
0,192,87,61,-0.4117869
0,192,9,19,-1.0881540
0,192,14,98,-0.4348082
0,192,69,65,0.7096131
0,192,28,31,-1.4948640
0,192,79,5,1.0075230
0,192,72,45,-0.8771235
0,192,53,83,-0.7675682
0,192,85,28,0.9331933
0,193,31,0,-0.1021191
0,193,80,36,-0.2965609
0,193,94,90,-1.2376500
0,193,34,94,-0.6199402
0,193,9,79,0.4112251
0,193,32,83,0.5509266
0,193,50,99,0.4338126
0,193,14,5,-0.0256680
0,193,50,47,-1.5348640
0,193,73,68,0.4349045
0,194,87,61,-0.4117869
0,194,87,41,-0.7943514
0,194,15,59,0.8016387
0,194,74,24,-0.8838977
0,194,32,38,-0.7175026
0,194,97,96,0.2135464
0,194,15,9,-0.9784749
0,194,98,61,0.0787256
0,194,63,80,-0.0996560
0,194,25,71,-0.7543147
0,195,52,86,-1.2974460
0,195,77,48,-0.5490462
0,195,95,0,-1.1325410
0,195,52,24,-1.7792380
0,195,19,86,0.3257190
0,195,96,63,0.1143593
0,195,81,90,-0.7092359
0,195,88,83,0.6336946
0,195,34,52,0.6873237
0,195,59,56,0.2197878
0,196,94,63,0.3482110
0,196,36,63,-0.8256316
0,196,66,18,0.3949926
0,196,88,78,0.3260023
0,196,17,96,-0.3689908
0,196,83,68,-1.2724590
0,196,68,18,-0.0061146
0,196,61,16,0.4678978
0,196,2,80,0.0986470
0,196,74,44,-1.3083610
0,197,0,43,-0.3848768
0,197,90,88,-0.5125210
0,197,27,56,0.9747907
0,197,21,79,-0.9409442
0,197,85,49,-1.2699820
0,197,82,62,-1.0875600
0,197,42,99,-0.6443888
0,197,13,84,-0.8760332
0,197,83,68,-1.2724590
0,197,82,42,-1.0272190
0,198,84,16,-0.6691357
0,198,11,28,0.3055732
0,198,11,83,-0.7288855
0,198,7,69,-0.1180869
0,198,89,2,0.6531269
0,198,68,89,-1.5705850
0,198,90,60,-0.9219322
0,198,65,94,-0.6042396
0,198,97,66,-0.2122364
0,198,61,75,-0.0991149
0,199,89,46,-0.1410639
0,199,83,6,2.9456110
0,199,79,54,0.1575563
0,199,5,41,-1.9035250
0,199,44,6,1.1630580
0,199,88,79,0.2891149
0,199,46,18,1.0186640
0,199,60,25,-1.1000740
0,199,64,99,-0.2867967
0,199,18,35,0.8088742
