Observed,strata,x-val,y-val,resource,StepLength
1,1,22,56,1.2751880,28.6356421
1,2,25,57,1.6170560,3.1622777
1,3,27,58,1.8927720,2.2360680
1,4,23,52,0.2120710,7.2111026
1,5,25,57,1.6170560,5.3851648
1,6,25,58,1.6826010,1.0000000
1,7,20,54,1.4569480,6.4031242
1,8,16,56,1.1433650,4.4721360
1,9,25,55,1.4399380,9.0553851
1,10,29,58,1.8345630,5.0000000
1,11,28,59,0.9125647,1.4142136
1,12,2,60,0.7116653,26.0192237
1,13,7,56,0.6355802,6.4031242
1,14,9,62,0.7816886,6.3245553
1,15,4,62,1.9135800,5.0000000
1,16,3,69,-0.7923855,7.0710678
1,17,4,63,2.0044540,6.0827625
1,18,15,55,1.3787700,13.6014705
1,19,19,57,1.0931840,4.4721360
1,20,20,54,1.4569480,3.1622777
1,21,25,54,1.2815740,5.0000000
1,22,25,57,1.6170560,3.0000000
1,23,27,57,1.5555400,2.0000000
1,24,36,47,2.0538430,13.4536240
1,25,36,47,2.0538430,0.0000000
1,26,36,47,2.0538430,0.0000000
1,27,36,47,2.0538430,0.0000000
1,28,25,57,1.6170560,14.8660687
1,29,26,54,1.4515340,3.1622777
1,30,26,54,1.4515340,0.0000000
1,31,13,55,0.9451045,13.0384048
1,32,14,55,1.4679520,1.0000000
1,33,17,52,0.1191723,4.2426407
1,34,27,58,1.8927720,11.6619038
1,35,27,57,1.5555400,1.0000000
1,36,26,58,2.0238460,1.4142136
1,37,26,58,2.0238460,0.0000000
1,38,25,58,1.6826010,1.0000000
1,39,26,58,2.0238460,1.0000000
1,40,33,54,0.8499847,8.0622577
1,41,20,36,-0.0830166,22.2036033
1,42,10,58,0.6393551,24.1660919
1,43,11,56,0.4512167,2.2360680
1,44,6,61,1.4220140,7.0710678
1,45,6,61,1.4220140,0.0000000
1,46,4,62,1.9135800,2.2360680
1,47,7,62,1.0406070,3.0000000
1,48,4,62,1.9135800,3.0000000
1,49,3,56,0.8737880,6.0827625
1,50,4,58,0.6111483,2.2360680
1,51,1,56,0.7792633,3.6055513
1,52,1,60,0.5588519,4.0000000
1,53,10,53,-0.3447605,11.4017543
1,54,10,56,0.6388034,3.0000000
1,55,25,58,1.6826010,15.1327460
1,56,25,57,1.6170560,1.0000000
1,57,27,58,1.8927720,2.2360680
1,58,27,58,1.8927720,0.0000000
1,59,27,54,1.3411060,4.0000000
1,60,25,58,1.6826010,4.4721360
1,61,21,54,1.4728930,5.6568542
1,62,36,47,2.0538430,16.5529454
1,63,36,47,2.0538430,0.0000000
1,64,35,46,2.0883380,1.4142136
1,65,35,47,1.6529870,1.0000000
1,66,38,48,1.0139040,3.1622777
1,67,34,50,0.7667276,4.4721360
1,68,28,56,0.9212177,8.4852814
1,69,33,53,1.0219630,5.8309519
1,70,33,54,0.8499847,1.0000000
1,71,34,43,1.2262550,11.0453610
1,72,35,46,2.0883380,3.1622777
1,73,40,41,0.6982003,7.0710678
1,74,35,46,2.0883380,7.0710678
1,75,53,52,0.5654658,18.9736660
1,76,66,48,0.1357459,13.6014705
1,77,72,55,1.6835850,9.2195445
1,78,75,67,1.8707250,12.3693169
1,79,76,66,2.5387070,1.4142136
1,80,76,66,2.5387070,0.0000000
1,81,74,64,1.3669970,2.8284271
1,82,76,66,2.5387070,2.8284271
1,83,76,66,2.5387070,0.0000000
1,84,75,68,1.5828870,2.2360680
1,85,67,71,1.1380280,8.5440037
1,86,69,67,1.5723360,4.4721360
1,87,67,65,1.9424850,2.8284271
1,88,70,56,0.9164284,9.4868330
1,89,76,66,2.5387070,11.6619038
1,90,75,67,1.8707250,1.4142136
1,91,76,66,2.5387070,1.4142136
1,92,76,66,2.5387070,0.0000000
1,93,55,52,-0.0184363,25.2388589
1,94,63,57,0.8242324,9.4339811
1,95,64,62,1.5075760,5.0990195
1,96,79,57,0.4495126,15.8113883
1,97,73,59,1.0695340,6.3245553
1,98,74,64,1.3669970,5.0990195
1,99,76,57,1.6132700,7.2801099
1,100,76,57,1.6132700,0.0000000
1,101,67,65,1.9424850,12.0415946
1,102,68,64,1.5486300,1.4142136
1,103,64,66,1.0025270,4.4721360
1,104,64,62,1.5075760,4.0000000
1,105,75,65,1.4119800,11.4017543
1,106,76,62,1.3048820,3.1622777
1,107,73,64,1.1954090,3.6055513
1,108,76,58,1.6043680,6.7082039
1,109,65,61,1.4224110,11.4017543
1,110,61,62,1.2135950,4.1231056
1,111,62,64,1.5502150,2.2360680
1,112,70,64,0.7159743,8.0000000
1,113,63,61,1.4424850,7.6157731
1,114,60,62,0.6242805,3.1622777
1,115,68,72,1.4097160,12.8062485
1,116,70,72,-0.1284058,2.0000000
1,117,72,67,0.4673145,5.3851648
1,118,61,61,1.6300860,12.5299641
1,119,60,60,0.6949592,1.4142136
1,120,75,57,1.5538300,15.2970585
1,121,77,57,1.4511980,2.0000000
1,122,85,32,-0.2924030,26.2488095
1,123,88,26,2.1223950,6.7082039
1,124,88,26,2.1223950,0.0000000
1,125,87,26,1.3981710,1.0000000
1,126,89,30,1.3590440,4.4721360
1,127,91,26,1.0648270,4.4721360
1,128,74,6,1.7584530,26.2488095
1,129,76,13,1.8033710,7.2801099
1,130,74,10,1.5558520,3.6055513
1,131,76,8,2.5101910,2.8284271
1,132,76,6,2.5767310,2.0000000
1,133,76,6,2.5767310,0.0000000
1,134,75,7,2.5520140,1.4142136
1,135,77,7,2.5135510,2.0000000
1,136,84,6,2.6439770,7.0710678
1,137,83,7,2.5765490,1.4142136
1,138,83,5,2.9620360,2.0000000
1,139,83,5,2.9620360,0.0000000
1,140,84,6,2.6439770,1.4142136
1,141,83,6,2.9456110,1.0000000
1,142,83,6,2.9456110,0.0000000
1,143,76,6,2.5767310,7.0000000
1,144,75,7,2.5520140,1.4142136
1,145,83,6,2.9456110,8.0622577
1,146,84,6,2.6439770,1.0000000
1,147,76,6,2.5767310,8.0000000
1,148,74,7,2.2729140,2.2360680
1,149,83,6,2.9456110,9.0553851
1,150,83,5,2.9620360,1.0000000
1,151,83,6,2.9456110,1.0000000
1,152,84,5,2.6471850,1.4142136
1,153,84,6,2.6439770,1.0000000
1,154,84,6,2.6439770,0.0000000
1,155,83,6,2.9456110,1.0000000
1,156,83,6,2.9456110,0.0000000
1,157,87,6,1.8752590,4.0000000
1,158,83,6,2.9456110,4.0000000
1,159,84,6,2.6439770,1.0000000
1,160,83,6,2.9456110,1.0000000
1,161,77,7,2.5135510,6.0827625
1,162,83,5,2.9620360,6.3245553
1,163,84,6,2.6439770,1.4142136
1,164,83,6,2.9456110,1.0000000
1,165,83,6,2.9456110,0.0000000
1,166,84,5,2.6471850,1.4142136
1,167,77,7,2.5135510,7.2801099
1,168,76,6,2.5767310,1.4142136
1,169,83,5,2.9620360,7.0710678
1,170,83,6,2.9456110,1.0000000
1,171,82,7,2.3753710,1.4142136
1,172,84,7,2.2449940,2.0000000
1,173,87,6,1.8752590,3.1622777
1,174,84,5,2.6471850,3.1622777
1,175,82,6,2.7139460,2.2360680
1,176,82,7,2.3753710,1.0000000
1,177,84,5,2.6471850,2.8284271
1,178,75,6,2.3006530,9.0553851
1,179,83,5,2.9620360,8.0622577
1,180,85,6,1.5764390,2.2360680
1,181,76,8,2.5101910,9.2195445
1,182,82,4,2.1227400,7.2111026
1,183,83,6,2.9456110,2.2360680
1,184,88,5,2.2283080,5.0990195
1,185,83,6,2.9456110,5.0990195
1,186,83,5,2.9620360,1.0000000
1,187,83,5,2.9620360,0.0000000
1,188,83,5,2.9620360,0.0000000
1,189,75,6,2.3006530,8.0622577
1,190,82,6,2.7139460,7.0000000
1,191,82,6,2.7139460,0.0000000
1,192,77,7,2.5135510,5.0990195
1,193,83,6,2.9456110,6.0827625
1,194,84,5,2.6471850,1.4142136
1,195,75,13,1.5826470,12.0415946
1,196,74,9,1.7421240,4.1231056
1,197,83,3,2.1652540,10.8166538
1,198,85,5,1.4529170,2.8284271
1,199,84,5,2.6471850,1.0000000
0,1,43,21,1.0463960,29.8328678
0,1,48,45,-1.6267500,5.3851648
0,1,46,50,-2.4022420,4.0000000
0,1,83,68,-1.2724590,37.5898923
0,1,34,48,0.9953972,16.1245155
0,1,50,53,-0.6997847,3.0000000
0,1,47,31,-1.0096020,19.2353841
0,1,24,38,-0.2653305,28.6356421
0,1,42,66,-1.5519870,17.8885438
0,1,46,49,-2.0417990,4.1231056
0,2,63,29,-0.8693855,49.0917508
0,2,19,50,0.8085782,6.7082039
0,2,32,36,-0.0748540,22.3606798
0,2,37,48,1.3850680,17.0000000
0,2,25,53,0.7103311,4.2426407
0,2,73,40,-1.2933520,53.4509121
0,2,61,54,0.2535909,39.0512484
0,2,18,69,-0.0234598,13.6014705
0,2,29,24,-0.8604212,32.7566787
0,2,28,59,0.9125647,6.7082039
0,3,23,56,1.2172410,2.2360680
0,3,25,61,0.7502850,4.0000000
0,3,61,54,0.2535909,36.1247837
0,3,20,47,-0.3414677,11.1803399
0,3,27,44,-1.5787600,13.1529464
0,3,19,63,-0.6128062,8.4852814
0,3,39,70,0.8093004,19.1049732
0,3,36,67,-0.4435879,14.8660687
0,3,31,48,0.6655503,10.8166538
0,3,2,73,-0.3910792,28.0178515
0,4,28,45,-1.2396340,13.0384048
0,4,29,55,0.5955576,3.6055513
0,4,4,33,0.2214101,33.9705755
0,4,35,60,-0.3878381,8.2462113
0,4,33,44,-0.0634654,15.2315462
0,4,34,71,0.1063258,14.7648231
0,4,19,28,0.1578659,31.0483494
0,4,56,20,-0.5870161,47.8016736
0,4,31,70,-0.8745836,12.6491106
0,4,16,62,-0.3179037,11.7046999
0,5,26,51,0.1472982,3.1622777
0,5,26,57,1.4207800,5.8309519
0,5,30,55,0.7304555,7.6157731
0,5,20,40,-0.2845436,12.3693169
0,5,23,46,-0.4689886,6.0000000
0,5,11,50,-0.3450118,12.1655251
0,5,21,49,0.1787447,3.6055513
0,5,20,24,-1.0634680,28.1602557
0,5,7,52,0.3034634,16.0000000
0,5,12,48,-0.8428883,11.7046999
0,6,37,45,0.8087933,16.9705627
0,6,23,60,1.1107310,3.6055513
0,6,37,70,0.5316799,17.6918060
0,6,21,54,1.4728930,5.0000000
0,6,33,81,0.1913081,25.2982213
0,6,27,76,-0.4592393,19.1049732
0,6,18,59,0.4681138,7.2801099
0,6,48,84,-0.1896989,35.4682957
0,6,20,52,0.7752671,7.0710678
0,6,8,51,0.6065340,18.0277564
0,7,48,71,-0.3647999,26.4196896
0,7,22,54,0.9634622,5.0000000
0,7,18,68,0.0447591,12.2065556
0,7,50,95,-0.4723602,44.6542271
0,7,6,59,1.0068080,19.0262976
0,7,21,61,0.0724476,5.0000000
0,7,23,56,1.2172410,2.8284271
0,7,86,78,-0.5781380,64.1950154
0,7,27,65,-1.7934400,7.2801099
0,7,25,45,-1.5190780,13.0000000
0,8,54,67,0.1945684,36.4005494
0,8,39,64,-0.3748893,21.4709106
0,8,2,70,-0.8607781,24.0831892
0,8,7,51,0.7782571,13.3416641
0,8,31,18,0.7015383,37.6430604
0,8,6,41,-2.5208810,19.1049732
0,8,35,47,1.6529870,16.5529454
0,8,0,69,-0.5149417,25.0000000
0,8,33,37,-0.6928852,21.4009346
0,8,23,74,-0.4959632,20.2237484
0,9,24,50,-0.9596021,10.0000000
0,9,29,60,-0.2040576,13.6014705
0,9,53,25,-1.3104810,48.2700735
0,9,13,28,1.0924360,28.1602557
0,9,21,47,-0.2793909,10.2956301
0,9,39,65,-0.0798634,24.6981781
0,9,8,84,-0.0586310,29.1204396
0,9,7,51,0.7782571,10.2956301
0,9,3,58,0.8897308,13.1529464
0,9,46,56,-2.4450650,30.0000000
0,10,10,67,-0.0240965,19.2093727
0,10,37,42,-0.3233017,17.6918060
0,10,30,75,-0.4493763,20.6155281
0,10,51,46,-1.3894570,27.5136330
0,10,27,54,1.3411060,2.2360680
0,10,17,59,0.1239738,8.9442719
0,10,38,68,-0.1210882,18.3847763
0,10,34,63,-0.0466743,12.0415946
0,10,15,97,0.3769917,43.1740663
0,10,21,50,0.4127489,6.4031242
0,11,39,87,-0.1401917,30.6757233
0,11,35,20,0.6300300,38.4707681
0,11,26,69,-0.5139322,11.4017543
0,11,48,77,0.2460335,26.8700577
0,11,9,46,-1.0863780,23.3238076
0,11,17,58,0.6150080,12.0000000
0,11,43,66,-1.8637710,16.1245155
0,11,30,75,-0.4493763,17.0293864
0,11,12,53,0.2702467,17.7200451
0,11,31,54,0.6638066,4.4721360
0,12,25,45,-1.5190780,14.3178211
0,12,35,57,-0.2522157,7.2801099
0,12,18,59,0.4681138,10.0000000
0,12,31,53,0.3238830,6.7082039
0,12,18,75,-0.0132021,18.8679623
0,12,33,47,0.5732119,13.0000000
0,12,11,58,0.3611806,17.0293864
0,12,36,49,0.9247303,12.8062485
0,12,42,68,-0.9801061,16.6433170
0,12,33,62,-0.0378471,5.8309519
0,13,2,62,0.5347490,2.0000000
0,13,24,37,-0.4527679,31.8276609
0,13,17,54,0.5238920,16.1554944
0,13,11,62,0.2103330,9.2195445
0,13,15,58,0.9139887,13.1529464
0,13,10,67,-0.0240965,10.6301458
0,13,0,63,-0.0714100,3.6055513
0,13,1,54,0.1354736,6.0827625
0,13,12,31,0.0845908,30.6757233
0,13,0,66,0.1469401,6.3245553
0,14,11,32,-0.2510985,24.3310501
0,14,0,54,0.8273343,7.2801099
0,14,0,58,0.1464321,7.2801099
0,14,10,60,0.4903701,5.0000000
0,14,27,67,-1.4493580,22.8254244
0,14,14,59,0.1512807,7.6157731
0,14,1,42,-0.0160536,15.2315462
0,14,22,57,1.5650010,15.0332964
0,14,5,55,0.0399220,2.2360680
0,14,3,53,0.0955543,5.0000000
0,15,5,58,0.9687945,5.6568542
0,15,5,66,-0.5352368,5.6568542
0,15,24,66,-0.5963658,15.5241747
0,15,23,30,0.0721063,34.9284984
0,15,12,92,-0.5297978,30.1496269
0,15,30,65,-1.2421550,21.2132034
0,15,15,61,0.1925285,6.0827625
0,15,13,55,0.9451045,8.0622577
0,15,47,48,-1.5586780,40.4969135
0,15,26,60,0.7756241,17.1172428
0,16,40,10,1.3269650,63.2455532
0,16,29,72,-1.2875780,26.9258240
0,16,13,71,0.3818631,12.7279221
0,16,3,61,0.6033731,1.4142136
0,16,7,59,0.6388084,4.2426407
0,16,20,70,-0.0483867,17.8885438
0,16,31,41,0.3986543,34.2052628
0,16,12,60,0.1117865,8.2462113
0,16,9,45,-1.3507850,17.7200451
0,16,19,54,1.6381050,17.0000000
0,17,8,53,-0.3009018,16.7630546
0,17,24,71,-0.8078404,21.0950231
0,17,11,75,0.5734015,10.0000000
0,17,17,76,0.1510091,15.6524758
0,17,1,56,0.7792633,13.1529464
0,17,2,72,-0.4779016,3.1622777
0,17,8,73,0.8810191,6.4031242
0,17,5,80,-0.3714715,11.1803399
0,17,6,36,0.2942496,33.1360831
0,17,27,36,0.3463768,40.8044115
0,18,8,22,0.8430088,41.1946598
0,18,8,49,0.9612249,14.5602198
0,18,21,71,-0.7728133,18.7882942
0,18,10,66,-0.1891539,6.7082039
0,18,3,85,0.9196009,22.0227155
0,18,2,79,0.2713921,16.1245155
0,18,19,35,0.2899805,31.7647603
0,18,4,67,-0.9157749,4.0000000
0,18,19,62,-0.9109119,15.0332964
0,18,45,65,-2.4379890,41.0487515
0,19,17,48,0.0687949,7.2801099
0,19,23,76,-0.3669856,22.4722051
0,19,15,57,1.5092840,2.0000000
0,19,23,57,1.2126410,8.2462113
0,19,23,44,-0.4189412,13.6014705
0,19,7,48,0.4793479,10.6301458
0,19,9,45,-1.3507850,11.6619038
0,19,8,49,0.9612249,9.2195445
0,19,13,50,-0.1265948,5.3851648
0,19,8,52,0.0869596,7.6157731
0,20,11,62,0.2103330,9.4339811
0,20,24,51,0.1057790,7.8102497
0,20,26,19,-0.9271489,38.6393582
0,20,27,54,1.3411060,8.5440037
0,20,27,60,0.4992829,8.5440037
0,20,11,61,0.1609763,8.9442719
0,20,7,37,-0.3611690,23.3238076
0,20,0,53,0.3142616,19.4164878
0,20,0,44,-0.8048022,23.0217289
0,20,30,74,-1.2399610,20.2484567
0,21,13,47,-0.5663092,9.8994949
0,21,6,40,-1.4569950,19.7989899
0,21,41,94,0.2791884,45.1774280
0,21,21,82,-0.5008293,28.0178515
0,21,10,62,0.5128402,12.8062485
0,21,34,85,-0.0767312,34.0147027
0,21,34,50,0.7667276,14.5602198
0,21,21,43,-0.2858807,11.0453610
0,21,17,58,0.6150080,5.0000000
0,21,15,23,0.2166233,31.4006369
0,22,19,55,1.3822870,6.0827625
0,22,37,44,0.8858093,15.6204994
0,22,14,45,-1.4375860,14.2126704
0,22,47,44,-0.9028370,24.1660919
0,22,19,48,0.7479965,8.4852814
0,22,4,70,-0.9247344,26.4007576
0,22,58,4,0.2699932,59.9082632
0,22,42,42,0.0759931,20.8086520
0,22,11,51,0.6495699,14.3178211
0,22,29,47,0.8198154,8.0622577
0,23,22,62,-0.0339024,5.8309519
0,23,16,46,-0.3252603,14.2126704
0,23,11,49,0.0877949,16.1245155
0,23,31,53,0.3238830,7.2111026
0,23,26,34,0.1808019,23.0217289
0,23,20,40,-0.2845436,17.7200451
0,23,17,58,0.6150080,8.0622577
0,23,17,64,0.5656469,10.6301458
0,23,31,56,-0.1995807,6.0827625
0,23,23,63,-0.1940963,6.3245553
0,24,14,52,0.1747174,13.9283883
0,24,29,56,1.0066430,2.2360680
0,24,22,76,-0.0474136,19.6468827
0,24,33,58,-0.6992884,6.0827625
0,24,33,62,-0.0378471,7.8102497
0,24,27,58,1.8927720,1.0000000
0,24,21,68,-0.7632688,12.5299641
0,24,20,72,0.0796266,16.5529454
0,24,28,61,0.2893551,4.1231056
0,24,9,50,0.9278335,19.3132079
0,25,27,59,1.1787830,15.0000000
0,25,36,43,0.3393199,4.0000000
0,25,30,8,0.0701927,39.4588393
0,25,62,79,-1.0813320,41.2310563
0,25,43,6,0.5023463,41.5932687
0,25,0,59,0.4893670,37.9473319
0,25,37,56,-0.9174780,9.0553851
0,25,57,36,-1.7003890,23.7065392
0,25,9,47,-0.3982604,27.0000000
0,25,29,75,-0.0025443,28.8617394
0,26,51,39,-0.9737982,17.0000000
0,26,61,60,1.2854060,28.1780056
0,26,71,30,-1.6637720,38.9101529
0,26,35,44,0.9736911,3.1622777
0,26,28,51,0.2690876,8.9442719
0,26,32,45,-0.2051439,4.4721360
0,26,32,22,0.6034882,25.3179778
0,26,9,14,-1.4922000,42.6380112
0,26,29,48,0.7374513,7.0710678
0,26,28,29,-0.7684936,19.6977156
0,27,57,58,-0.5274022,23.7065392
0,27,19,57,1.0931840,19.7230829
0,27,7,47,-0.4190289,29.0000000
0,27,21,39,-0.0776080,17.0000000
0,27,10,30,-1.0495740,31.0644491
0,27,52,69,-0.4758894,27.2029410
0,27,35,47,1.6529870,1.0000000
0,27,36,88,-0.2407486,41.0000000
0,27,53,68,-0.0934241,27.0185122
0,27,33,83,0.1977142,36.1247837
0,28,34,50,0.7667276,3.6055513
0,28,23,83,-0.5504903,38.2753184
0,28,33,74,0.1548263,27.1661554
0,28,40,72,1.2025770,25.3179778
0,28,35,70,0.4965556,23.0217289
0,28,3,57,0.6654169,34.4818793
0,28,54,52,0.1142228,18.6815417
0,28,62,8,-0.0331994,46.8721666
0,28,38,65,-0.2399418,18.1107703
0,28,34,48,0.9953972,2.2360680
0,29,19,47,0.1447056,11.6619038
0,29,13,67,0.5531768,15.6204994
0,29,4,10,-0.3614887,51.4781507
0,29,18,21,-1.6219250,36.6742416
0,29,25,59,0.8386103,2.0000000
0,29,67,63,1.7725150,42.4264069
0,29,27,96,-0.5876107,39.0512484
0,29,3,31,-0.4484325,34.0587727
0,29,21,58,1.0482460,4.1231056
0,29,31,59,0.5923351,6.3245553
0,30,27,48,-0.2445480,6.0827625
0,30,3,47,-0.4713586,24.0416306
0,30,34,48,0.9953972,10.0000000
0,30,21,53,1.4686740,5.0990195
0,30,20,54,1.4569480,6.0000000
0,30,79,41,-0.1651692,54.5710546
0,30,26,56,1.3296110,2.0000000
0,30,9,67,-0.6199436,21.4009346
0,30,33,55,0.5152380,7.0710678
0,30,28,48,0.2256807,6.3245553
0,31,40,38,0.5657717,21.2602916
0,31,47,73,0.0027555,28.3196045
0,31,33,64,-0.5873614,12.2065556
0,31,15,40,-1.0494600,17.8044938
0,31,27,45,-1.7074260,9.0553851
0,31,35,63,-0.5861912,12.7279221
0,31,35,53,-0.5368669,9.0553851
0,31,31,71,-0.9591892,17.7200451
0,31,25,75,-0.7039768,21.0237960
0,31,8,51,0.6065340,18.2482876
0,32,11,54,0.0910028,2.2360680
0,32,12,61,0.1817546,6.0827625
0,32,17,48,0.0687949,8.0622577
0,32,16,49,-0.5596467,6.7082039
0,32,23,61,0.9855089,11.6619038
0,32,40,59,-1.6339730,27.2946881
0,32,7,55,0.6271712,6.0000000
0,32,5,53,-0.0911217,8.2462113
0,32,24,71,-0.8078404,19.4164878
0,32,8,57,0.8392917,5.3851648
0,33,21,34,0.2259746,22.1359436
0,33,11,79,0.4528047,24.1867732
0,33,6,80,0.1095323,26.2488095
0,33,14,53,0.2727819,2.0000000
0,33,14,67,0.5692569,12.0000000
0,33,18,69,-0.0234598,14.5602198
0,33,6,51,0.8601768,8.9442719
0,33,37,46,1.0615420,24.6981781
0,33,37,57,-0.6820852,23.0867928
0,33,6,60,1.2529350,9.4339811
0,34,30,77,0.2868930,28.1780056
0,34,11,46,-0.9091522,8.4852814
0,34,22,48,-0.2077601,6.4031242
0,34,5,62,1.0403910,15.6204994
0,34,16,94,0.4595835,42.0119031
0,34,19,69,0.2021587,17.1172428
0,34,13,72,0.4585966,20.3960781
0,34,26,56,1.3296110,9.8488578
0,34,16,40,-1.0450910,12.0415946
0,34,28,53,0.8124275,11.0453610
0,35,15,65,0.1316155,13.8924440
0,35,46,38,-1.0781460,27.5862284
0,35,33,69,-0.1077204,12.5299641
0,35,12,45,-1.3151350,19.8494332
0,35,53,72,-0.5085632,29.5296461
0,35,19,42,-0.2863744,17.8885438
0,35,20,73,0.5154159,16.5529454
0,35,42,87,0.8025679,32.6496554
0,35,3,43,-0.7928121,28.3019434
0,35,55,57,-0.0125738,28.0178515
0,36,26,83,-0.2574345,26.0192237
0,36,40,54,-1.5216950,13.3416641
0,36,20,57,1.0547470,7.0000000
0,36,29,44,-1.1852520,13.1529464
0,36,21,60,0.5011233,6.7082039
0,36,32,51,0.3973492,7.8102497
0,36,36,71,0.8675476,16.6433170
0,36,4,85,0.3634587,36.2353419
0,36,23,38,-0.2342446,19.4164878
0,36,37,75,0.3689062,20.5912603
0,37,56,60,-0.6399186,30.0665928
0,37,19,51,0.1464611,9.8994949
0,37,25,55,1.4399380,3.1622777
0,37,21,42,-0.6910919,16.7630546
0,37,46,65,-2.4528010,21.1896201
0,37,8,58,0.6440085,18.0000000
0,37,40,66,-0.1339014,16.1245155
0,37,10,58,0.6393551,16.0000000
0,37,8,55,0.4881223,18.2482876
0,37,23,65,-0.3482515,7.6157731
0,38,27,76,-0.4592393,18.0277564
0,38,32,80,0.0985473,22.8035085
0,38,4,27,0.6046213,38.0131556
0,38,28,44,-1.9741670,14.1421356
0,38,22,54,0.9634622,5.6568542
0,38,33,34,-0.7653685,25.0000000
0,38,33,74,0.1548263,17.4642492
0,38,6,82,0.5505481,31.2409987
0,38,26,47,-0.6036733,11.0000000
0,38,1,76,0.1946608,30.8058436
0,39,11,72,0.5943666,19.7989899
0,39,46,53,-2.3708550,21.5870331
0,39,28,68,-0.6540496,10.4403065
0,39,45,45,-1.3945360,23.8537209
0,39,36,23,1.3022880,36.6878727
0,39,25,47,-0.7243435,11.0000000
0,39,4,62,1.9135800,21.3775583
0,39,32,57,-0.5255542,7.0710678
0,39,34,77,-0.3216898,21.0237960
0,39,37,75,0.3689062,20.8086520
0,40,13,39,-1.7700260,23.0217289
0,40,17,48,0.0687949,13.4536240
0,40,28,53,0.8124275,5.3851648
0,40,36,56,-0.4717012,10.1980390
0,40,20,65,-1.0083650,9.2195445
0,40,49,34,-0.7424511,33.2415403
0,40,18,55,0.9215864,8.5440037
0,40,4,31,-0.0743117,34.8281495
0,40,31,78,0.2722492,20.6155281
0,40,21,50,0.4127489,9.4339811
0,41,41,58,-1.9192550,8.9442719
0,41,42,92,0.1799428,39.0512484
0,41,39,71,1.0223300,18.0277564
0,41,36,49,0.9247303,5.8309519
0,41,37,91,-0.0404040,37.2155881
0,41,50,74,-0.0665964,26.2488095
0,41,25,45,-1.5190780,12.0415946
0,41,32,71,-0.6136802,17.0293864
0,41,40,47,-0.6105808,9.8994949
0,41,52,57,-0.2047342,19.2353841
0,42,38,35,-1.7686590,18.0277564
0,42,14,48,-0.0894541,13.4164079
0,42,19,39,-0.2284664,3.1622777
0,42,62,57,0.7538709,46.9574275
0,42,28,19,-0.0775610,18.7882942
0,42,6,42,-1.8417770,15.2315462
0,42,44,17,0.5899919,30.6104557
0,42,20,35,-0.7514885,1.0000000
0,42,6,44,-0.6253002,16.1245155
0,42,17,17,-1.5789180,19.2353841
0,43,39,24,0.5956749,44.6878059
0,43,7,67,-1.2310530,9.4868330
0,43,55,82,-0.8053592,51.0000000
0,43,58,33,-1.5754850,54.1202365
0,43,40,35,-1.7914650,37.8021163
0,43,8,62,0.6888154,4.4721360
0,43,9,8,0.5219762,50.0099990
0,43,0,46,-0.3516112,15.6204994
0,43,28,54,1.3367580,18.4390889
0,43,12,53,0.2702467,5.3851648
0,44,2,61,0.1012044,10.2956301
0,44,24,58,1.3661440,13.1529464
0,44,20,47,-0.3414677,12.7279221
0,44,61,65,1.0952020,50.8035432
0,44,20,48,0.3047934,12.0415946
0,44,10,59,0.9890969,3.1622777
0,44,4,51,0.4780024,8.6023253
0,44,25,60,0.3563027,14.5602198
0,44,8,52,0.0869596,5.0000000
0,44,6,79,0.2727923,23.5372046
0,45,8,70,0.2760773,9.2195445
0,45,34,57,-0.7260319,28.2842712
0,45,25,95,-0.0591865,38.9486842
0,45,25,79,-0.2147753,26.1725047
0,45,17,59,0.1239738,11.1803399
0,45,7,41,-1.8942460,20.0249844
0,45,86,62,-1.1298160,80.0062498
0,45,30,71,-1.5281750,26.0000000
0,45,16,86,0.3477303,26.9258240
0,45,45,19,0.8021377,57.3149195
0,46,5,69,-0.8575040,8.0622577
0,46,24,88,-0.0224711,32.4499615
0,46,9,62,0.7816886,3.1622777
0,46,38,81,-0.6456278,37.7359245
0,46,19,83,0.5785350,25.5538647
0,46,13,62,-0.3846214,7.0710678
0,46,3,65,-0.1768202,5.0000000
0,46,0,42,-0.0623993,19.9248588
0,46,46,57,-2.4266290,40.1995025
0,46,10,65,-0.5329855,5.6568542
0,47,11,64,-0.3013144,7.2801099
0,47,18,86,0.4289253,27.7848880
0,47,9,60,1.0659370,5.3851648
0,47,12,59,-0.1329721,8.5440037
0,47,5,66,-0.5352368,4.1231056
0,47,1,58,0.4179283,5.0000000
0,47,6,72,0.2556639,10.1980390
0,47,5,94,-1.2069800,32.0156212
0,47,4,52,0.2053915,10.0000000
0,47,6,72,0.2556639,10.1980390
0,48,3,47,-0.4713586,15.5241747
0,48,9,60,1.0659370,2.8284271
0,48,3,53,0.0955543,9.8488578
0,48,28,68,-0.6540496,21.8403297
0,48,19,59,1.4831370,12.3693169
0,48,16,58,0.9285735,9.8488578
0,48,29,68,-0.9548825,22.8035085
0,48,13,53,0.5277815,10.8166538
0,48,9,67,-0.6199436,5.3851648
0,48,6,49,-0.0194235,13.0384048
0,49,13,89,-0.5969913,28.4604989
0,49,5,57,0.7308383,5.0990195
0,49,31,15,2.0909110,54.2033209
0,49,21,58,1.0482460,17.4642492
0,49,10,77,0.8693951,16.1554944
0,49,0,83,0.8683986,21.3775583
0,49,8,68,-0.6111747,7.2111026
0,49,15,70,0.2405508,13.6014705
0,49,17,53,0.2258391,15.8113883
0,49,11,54,0.0910028,10.6301458
0,50,2,52,0.0238239,4.1231056
0,50,15,52,-0.0373537,12.6491106
0,50,41,72,0.9687545,41.2310563
0,50,34,45,1.0877850,32.8937684
0,50,7,59,0.6388084,5.0000000
0,50,8,76,1.2685780,20.6155281
0,50,13,62,-0.3846214,11.6619038
0,50,20,62,-0.9346256,18.0277564
0,50,11,54,0.0910028,8.2462113
0,50,0,37,-0.6869570,19.2353841
0,51,11,59,0.2751120,7.0710678
0,51,8,21,0.2117483,37.2155881
0,51,4,47,0.7687781,11.0000000
0,51,4,95,-0.4105095,37.0000000
0,51,1,78,-0.0406748,20.2237484
0,51,7,54,0.4206967,5.0000000
0,51,4,53,-0.1591797,5.0000000
0,51,9,51,0.4603897,8.6023253
0,51,16,49,-0.5596467,15.0000000
0,51,17,28,0.9331759,32.6955654
0,52,12,43,-1.7385490,17.0293864
0,52,9,57,0.3192698,8.0622577
0,52,10,58,0.6393551,9.2195445
0,52,12,71,0.1807250,18.6010752
0,52,9,72,-0.3881285,17.8885438
0,52,8,32,0.3370356,25.0000000
0,52,16,58,0.9285735,15.1327460
0,52,1,78,-0.0406748,22.0000000
0,52,1,13,-1.7006710,43.0000000
0,52,54,47,-2.8101420,53.7587202
0,53,7,46,-0.9983911,15.2315462
0,53,2,63,0.4955456,3.1622777
0,53,5,51,0.4078284,9.8488578
0,53,5,85,0.8655754,25.3179778
0,53,17,58,0.6150080,16.1245155
0,53,2,50,0.4852459,10.0498756
0,53,2,55,-0.1337548,5.0990195
0,53,19,47,0.1447056,22.2036033
0,53,10,62,0.5128402,9.2195445
0,53,21,66,-0.6129882,20.8806130
0,54,23,49,-0.3163099,13.6014705
0,54,9,61,1.0850000,8.0622577
0,54,21,48,-0.0165306,12.0830460
0,54,27,91,0.0053498,41.6293166
0,54,9,44,-1.8973250,9.0553851
0,54,4,31,-0.0743117,22.8035085
0,54,9,52,0.4966381,1.4142136
0,54,14,51,-0.8495267,4.4721360
0,54,4,61,0.8355227,10.0000000
0,54,10,70,0.6973086,17.0000000
0,55,26,58,2.0238460,16.1245155
0,55,13,58,0.1501237,3.6055513
0,55,16,66,-0.4193170,11.6619038
0,55,1,54,0.1354736,9.2195445
0,55,25,45,-1.5190780,18.6010752
0,55,36,84,-0.3035471,38.2099463
0,55,23,25,-0.3715745,33.6154726
0,55,17,48,0.0687949,10.6301458
0,55,0,53,0.3142616,10.4403065
0,55,38,45,0.6494780,30.0832179
0,56,24,74,-0.3324794,16.0312195
0,56,40,84,1.1450440,30.0166620
0,56,7,59,0.6388084,18.0277564
0,56,19,62,-0.9109119,7.2111026
0,56,34,51,0.6359276,11.4017543
0,56,40,73,1.4248370,21.2132034
0,56,39,69,0.1194909,17.8044938
0,56,42,30,-0.6509075,32.7566787
0,56,27,64,-1.3573670,6.3245553
0,56,21,50,0.4127489,8.9442719
0,57,49,66,-1.4129870,25.6320112
0,57,25,57,1.6170560,0.0000000
0,57,37,75,0.3689062,21.6333077
0,57,1,45,-0.3181606,26.8328157
0,57,21,48,-0.0165306,9.8488578
0,57,13,49,-0.6173816,14.4222051
0,57,22,59,0.7225951,3.6055513
0,57,17,43,-0.6899371,16.1245155
0,57,48,60,-1.1238140,23.1948270
0,57,26,77,-0.5793587,20.0249844
0,58,26,44,-1.5302260,14.0356688
0,58,32,61,-0.8602398,5.8309519
0,58,25,53,0.7103311,5.3851648
0,58,16,59,0.5578081,11.0453610
0,58,22,60,0.6848874,5.3851648
0,58,21,79,-0.9409442,21.8403297
0,58,24,59,0.8197436,3.1622777
0,58,8,48,0.5870261,21.4709106
0,58,24,49,-0.7548146,9.4868330
0,58,3,70,-0.7655927,26.8328157
0,59,30,49,0.4721140,9.4868330
0,59,23,79,-0.5603955,21.3775583
0,59,24,46,-0.4444390,12.3693169
0,59,12,48,-0.8428883,18.0277564
0,59,71,58,0.6319545,44.0000000
0,59,13,52,-0.0718173,15.2315462
0,59,39,72,1.0631250,18.4390889
0,59,27,45,-1.7074260,13.0000000
0,59,49,70,-1.3738870,25.0599282
0,59,31,75,-0.9187138,17.4642492
0,60,15,59,0.8016387,13.0000000
0,60,28,24,-0.1914825,30.0166620
0,60,25,54,1.2815740,2.0000000
0,60,23,47,-0.4057573,8.0622577
0,60,26,66,-1.2900560,12.0415946
0,60,34,55,-0.1340217,7.0710678
0,60,29,51,0.0085711,3.6055513
0,60,30,52,0.4358136,3.6055513
0,60,35,60,-0.3878381,10.0000000
0,60,19,38,-0.0630659,17.8885438
0,61,20,52,0.7752671,7.8102497
0,61,27,60,0.4992829,2.8284271
0,61,23,57,1.2126410,2.2360680
0,61,32,63,-0.6952668,8.6023253
0,61,20,92,0.5657031,34.3656806
0,61,38,81,-0.6456278,26.4196896
0,61,20,59,0.9847153,5.0990195
0,61,27,88,-1.0598520,30.0665928
0,61,13,48,-0.6805720,15.6204994
0,61,26,44,-1.5302260,14.0356688
0,62,19,60,0.5151034,6.3245553
0,62,20,29,0.5675332,25.0199920
0,62,25,12,-0.0500943,42.1900462
0,62,22,68,0.1311456,14.0356688
0,62,17,48,0.0687949,7.2111026
0,62,66,18,0.3949926,57.6281181
0,62,17,53,0.2258391,4.1231056
0,62,27,27,-1.0076870,27.6586334
0,62,47,79,0.3291950,36.0693776
0,62,10,57,0.4468459,11.4017543
0,63,44,52,-2.8382400,9.4339811
0,63,44,35,-1.0432570,14.4222051
0,63,16,42,-0.6758612,20.6155281
0,63,18,73,0.7367090,31.6227766
0,63,51,61,-1.2992560,20.5182845
0,63,39,52,-0.7430066,5.8309519
0,63,34,59,-0.3845213,12.1655251
0,63,59,14,0.1832724,40.2243707
0,63,23,41,-1.5703650,14.3178211
0,63,41,44,-0.8840392,5.8309519
0,64,24,46,-0.4444390,12.0415946
0,64,27,47,-0.2601366,9.0000000
0,64,10,40,-1.6388880,26.9258240
0,64,14,48,-0.0894541,22.0227155
0,64,58,58,-0.2965688,24.5967478
0,64,9,53,-0.1747304,27.6586334
0,64,31,73,-1.4337620,26.4764046
0,64,36,53,-1.1342900,6.0000000
0,64,25,63,0.2824327,19.4164878
0,64,29,46,-0.3002495,7.0710678
0,65,25,42,-1.6303220,10.7703296
0,65,24,37,-0.4527679,14.2126704
0,65,55,76,-0.1839504,36.0555128
0,65,28,39,-0.9548127,9.8994949
0,65,28,43,-1.7857890,7.6157731
0,65,48,54,-1.4100970,15.2643375
0,65,41,46,-1.5134170,6.0000000
0,65,33,45,0.5799538,2.2360680
0,65,69,53,0.5360401,34.7131099
0,65,8,32,0.3370356,30.4138127
0,66,45,40,-1.4815880,12.2065556
0,66,50,83,-0.4718510,39.0000000
0,66,31,19,0.8215508,28.2842712
0,66,58,34,-1.4698560,26.4196896
0,66,24,42,-1.7391270,12.0830460
0,66,31,49,0.7998254,4.4721360
0,66,20,47,-0.3414677,15.0000000
0,66,34,54,0.5495967,7.0710678
0,66,18,62,-0.6620970,22.6715681
0,66,33,50,0.5950232,3.6055513
0,67,4,19,-0.4934764,44.6878059
0,67,34,52,0.6873237,5.6568542
0,67,69,37,-2.1387280,32.8937684
0,67,43,53,-2.0242080,7.0710678
0,67,47,47,-1.1453420,9.0553851
0,67,61,30,-1.6255870,29.2061637
0,67,26,57,1.4207800,15.0000000
0,67,58,64,-0.9773915,25.6124969
0,67,55,48,-1.9882480,17.0000000
0,67,29,53,0.4380203,10.2956301
0,68,28,71,-1.3317870,21.8403297
0,68,52,28,-0.1309149,28.4253408
0,68,37,44,0.8858093,6.7082039
0,68,66,54,0.6533823,32.2490310
0,68,31,90,-0.2971913,40.1123422
0,68,35,46,2.0883380,4.1231056
0,68,5,49,0.7877360,29.0172363
0,68,48,36,-0.6222696,19.7989899
0,68,58,73,0.3788144,33.2415403
0,68,37,51,-0.5535375,3.1622777
0,69,36,66,-0.3161839,12.8062485
0,69,6,77,0.5848880,30.4138127
0,69,25,45,-1.5190780,11.4017543
0,69,44,56,-1.9569980,16.0000000
0,69,97,25,0.4314532,75.6439026
0,69,34,88,-0.8037003,32.5576412
0,69,73,46,-0.5467440,46.0977223
0,69,31,67,-1.1258030,11.4017543
0,69,20,81,-1.5471770,26.2488095
0,69,41,78,-0.3001083,25.5538647
0,70,37,73,0.4707466,20.3960781
0,70,14,57,1.1329370,19.4164878
0,70,31,41,0.3986543,12.1655251
0,70,41,43,-0.1950807,12.8062485
0,70,35,49,0.2767389,4.4721360
0,70,14,53,0.2727819,19.0000000
0,70,37,73,0.4707466,20.3960781
0,70,42,78,0.5789181,26.5706605
0,70,38,57,-1.0009460,6.4031242
0,70,31,52,-0.0584543,2.2360680
0,71,38,63,-1.2845170,10.2956301
0,71,26,34,0.1808019,21.1896201
0,71,26,56,1.3296110,7.2801099
0,71,66,65,1.2343560,34.7850543
0,71,45,49,-2.4851040,13.0000000
0,71,19,46,0.7324030,16.1245155
0,71,16,80,-1.0509770,31.0644491
0,71,31,39,-0.2174914,15.1327460
0,71,27,57,1.5555400,6.7082039
0,71,29,56,1.0066430,4.4721360
0,72,65,80,-0.1121485,48.2700735
0,72,26,73,-0.3316624,31.0483494
0,72,46,48,-1.6003730,13.0000000
0,72,34,63,-0.0466743,20.0000000
0,72,36,41,0.0012979,2.8284271
0,72,70,52,0.4270512,37.1079506
0,72,22,53,0.4873719,15.6204994
0,72,62,56,0.0909625,30.8706981
0,72,41,18,1.4367850,25.9615100
0,72,25,51,0.1432151,12.0415946
0,73,34,47,1.1599130,1.4142136
0,73,15,53,0.3882446,21.1896201
0,73,54,66,-0.3587526,27.5862284
0,73,42,32,-1.4596510,15.6524758
0,73,46,21,-0.6043960,27.3130006
0,73,34,53,0.4327246,7.0710678
0,73,24,36,0.1283946,14.8660687
0,73,44,62,-2.2098990,18.3575598
0,73,38,47,0.8782752,3.1622777
0,73,42,57,-1.8706400,13.0384048
0,74,50,14,0.8781701,28.7923601
0,74,31,35,-0.9842015,10.8166538
0,74,55,23,-0.8795950,23.4307490
0,74,42,69,-0.6025074,28.0713377
0,74,51,56,-0.4763677,18.6010752
0,74,42,44,-0.7284713,3.6055513
0,74,45,25,-0.1085829,16.7630546
0,74,48,48,-0.8145195,10.6301458
0,74,51,42,-0.6553940,11.0453610
0,74,34,69,-0.4919680,28.6356421
0,75,43,26,-0.5398298,21.5406592
0,75,20,43,0.0432700,15.2970585
0,75,20,50,0.7230129,15.5241747
0,75,50,46,-1.9454410,15.0000000
0,75,26,66,-1.2900560,21.9317122
0,75,38,50,-0.1138872,5.0000000
0,75,44,76,0.7666641,31.3209195
0,75,68,49,-0.7917324,33.1360831
0,75,26,91,-0.1868702,45.8911756
0,75,25,37,0.2808987,13.4536240
0,76,61,39,-0.6797954,15.2643375
0,76,37,56,-0.9174780,16.4924225
0,76,57,42,-1.5604600,10.7703296
0,76,52,85,-0.9923047,33.0151480
0,76,77,32,-1.6145290,31.2409987
0,76,31,33,-0.6787973,29.0688837
0,76,29,33,-0.4341839,30.6104557
0,76,69,41,-0.9709612,19.4164878
0,76,33,55,0.5152380,20.2237484
0,76,80,49,-0.0230373,27.1661554
0,77,78,48,-0.3745946,12.0000000
0,77,64,51,-0.3830963,3.6055513
0,77,69,51,-0.3605991,4.2426407
0,77,57,48,-2.0157330,9.0000000
0,77,61,52,-0.1682405,6.4031242
0,77,72,61,0.4390671,14.3178211
0,77,76,68,1.0978560,22.3606798
0,77,82,42,-1.0272190,17.0880075
0,77,52,48,-1.5460770,14.0000000
0,77,87,86,-0.4494489,43.4165867
0,78,78,53,-0.3803975,6.3245553
0,78,99,83,0.7609328,38.8973007
0,78,64,49,-0.7575519,10.0000000
0,78,77,58,1.4798700,5.8309519
0,78,82,62,-1.0875600,12.2065556
0,78,70,49,-0.8626900,6.3245553
0,78,90,52,-1.6339720,18.2482876
0,78,92,47,-1.0857500,21.5406592
0,78,82,76,-1.0304260,23.2594067
0,78,63,48,-0.4400647,11.4017543
0,79,89,40,-1.8275320,30.4138127
0,79,56,47,-2.3795840,27.5862284
0,79,81,58,-0.0470133,10.8166538
0,79,73,74,0.0802783,7.2801099
0,79,24,98,-0.7984597,59.6824932
0,79,87,67,-0.8372051,12.0000000
0,79,69,74,0.2051071,9.2195445
0,79,59,56,0.2197878,19.4164878
0,79,81,63,-0.7699025,7.2111026
0,79,69,52,0.1251952,16.1554944
0,80,77,62,0.8664919,4.1231056
0,80,73,49,-0.9136421,17.2626765
0,80,77,73,-0.4348607,7.0710678
0,80,94,61,0.1117414,18.6815417
0,80,99,59,-0.7433879,24.0416306
0,80,84,73,-0.9945193,10.6301458
0,80,82,61,-1.2624200,7.8102497
0,80,70,71,0.6781715,7.8102497
0,80,84,68,-1.0753000,8.2462113
0,80,41,76,0.0020497,36.4005494
0,81,83,84,-0.2283010,19.3132079
0,81,83,85,-0.4361253,20.2484567
0,81,56,64,-0.8508515,20.0997512
0,81,87,64,-1.8519530,11.1803399
0,81,59,88,-0.9147498,27.8028775
0,81,62,65,0.9198815,14.0356688
0,81,76,68,1.0978560,2.0000000
0,81,24,71,-0.8078404,52.2398315
0,81,65,60,0.7432065,12.5299641
0,81,97,11,-0.3542845,58.8727441
0,82,79,80,-1.1366840,16.7630546
0,82,75,53,-0.6708138,11.0453610
0,82,52,57,-0.2047342,23.0867928
0,82,73,47,-1.1609320,17.0293864
0,82,71,84,-1.4869480,20.2237484
0,82,87,55,-1.0436400,15.8113883
0,82,60,66,0.3481463,14.1421356
0,82,71,61,0.8767631,4.2426407
0,82,76,62,1.3048820,2.8284271
0,82,73,98,-0.7403365,34.0147027
0,83,78,49,-0.7055106,17.1172428
0,83,27,50,0.8394652,51.5460959
0,83,86,63,-1.0514490,10.4403065
0,83,65,40,-1.2951080,28.2311884
0,83,77,70,-0.3154467,4.1231056
0,83,73,71,0.5505919,5.8309519
0,83,69,77,-0.6308988,13.0384048
0,83,82,32,-0.0089736,34.5253530
0,83,65,29,-1.0603640,38.6005181
0,83,83,57,-0.6311019,11.4017543
0,84,86,58,-1.2305180,12.8062485
0,84,66,52,-0.4288221,17.2046505
0,84,79,66,-0.0037490,3.0000000
0,84,48,59,-1.8488210,28.8617394
0,84,84,43,-0.1724409,24.3515913
0,84,72,68,0.4561744,4.4721360
0,84,60,42,-1.3976510,28.8444102
0,84,63,72,1.3159610,14.3178211
0,84,72,61,0.4390671,6.4031242
0,84,76,63,1.2991780,3.0000000
0,85,47,61,-1.8245160,28.8617394
0,85,84,79,-1.4053340,14.2126704
0,85,80,90,-1.6294710,22.5610283
0,85,79,76,-0.7426302,8.9442719
0,85,83,35,-0.1034689,33.9558537
0,85,63,59,0.3056134,15.0000000
0,85,72,66,0.4782604,3.6055513
0,85,78,61,0.5731466,7.6157731
0,85,74,63,1.3438290,5.0990195
0,85,91,66,-1.6259090,16.1245155
0,86,76,82,-1.7435610,14.2126704
0,86,28,64,-1.3380900,39.6232255
0,86,66,40,-1.3699120,31.0161248
0,86,6,57,0.8070922,62.5859409
0,86,65,87,-1.0033460,16.1245155
0,86,64,66,1.0025270,5.8309519
0,86,49,24,-1.5200470,50.3289181
0,86,56,84,-0.5470893,17.0293864
0,86,39,56,-0.5750619,31.7647603
0,86,55,81,0.0546385,15.6204994
0,87,60,47,-0.8726648,21.9317122
0,87,40,59,-1.6339730,30.0832179
0,87,76,79,-1.1345560,13.8924440
0,87,60,68,-0.0874921,9.0553851
0,87,95,51,-1.4901750,30.5286750
0,87,75,66,1.7440390,6.0827625
0,87,88,56,-0.8463674,21.9544984
0,87,78,53,-0.3803975,16.6433170
0,87,56,72,-0.1796497,13.9283883
0,87,63,56,0.6397043,12.5299641
0,88,46,39,-1.2666790,33.4215499
0,88,94,74,-0.3309548,28.4604989
0,88,67,34,-1.5281100,31.0000000
0,88,76,77,-1.3548150,15.0000000
0,88,74,62,0.8112846,7.6157731
0,88,57,69,-0.1612194,10.7703296
0,88,74,67,1.3046250,7.2801099
0,88,95,49,-1.5998050,32.2490310
0,88,85,54,-0.3554751,21.0950231
0,88,69,93,-0.8822813,28.0713377
0,89,63,53,-0.3257123,7.6157731
0,89,72,55,1.6835850,2.2360680
0,89,68,76,0.3984855,20.0997512
0,89,43,49,-1.8775500,27.8926514
0,89,73,52,-0.1890936,5.0000000
0,89,84,69,-1.3916910,19.1049732
0,89,78,47,-0.6288590,12.0415946
0,89,76,54,0.2883504,6.3245553
0,89,91,74,-0.8754647,27.6586334
0,89,52,66,-0.1295377,20.5912603
0,90,74,77,-1.1263530,11.1803399
0,90,59,66,0.6343530,17.0000000
0,90,74,59,1.1195410,7.2801099
0,90,78,87,-1.0141750,21.0950231
0,90,60,81,-0.2390935,21.9317122
0,90,57,53,0.1238273,23.0217289
0,90,69,96,-0.9866047,30.8058436
0,90,98,71,0.0029877,22.5610283
0,90,85,34,-0.1764085,33.2415403
0,90,96,85,0.1191876,27.5862284
0,91,79,80,-1.1366840,13.6014705
0,91,82,53,-0.0847636,15.6524758
0,91,68,72,1.4097160,8.6023253
0,91,82,89,-0.3315259,23.0867928
0,91,62,73,-0.0224062,14.3178211
0,91,78,64,0.5579233,4.2426407
0,91,55,92,0.8593715,32.0156212
0,91,70,69,0.8879711,5.3851648
0,91,76,53,-0.2546403,14.0356688
0,91,90,61,-0.5762182,16.1554944
0,92,66,58,0.4482034,12.8062485
0,92,84,97,-0.9458074,32.0156212
0,92,73,61,0.4985008,5.8309519
0,92,86,75,-0.9862916,13.4536240
0,92,57,65,-1.1113840,19.0262976
0,92,72,43,-1.4142570,23.3452351
0,92,69,59,0.6219095,9.8994949
0,92,75,62,0.9808444,4.1231056
0,92,71,54,1.2024280,13.0000000
0,92,91,56,-1.2320010,18.0277564
0,93,69,88,-1.5530040,23.0867928
0,93,76,64,0.8373923,2.0000000
0,93,70,73,0.6246942,9.2195445
0,93,74,55,0.1879270,11.1803399
0,93,42,48,-0.4542936,38.4707681
0,93,67,70,0.9104012,9.8488578
0,93,99,53,-1.2078300,26.4196896
0,93,48,24,-0.6882913,50.4777179
0,93,71,58,0.6319545,9.4339811
0,93,66,83,-0.6910783,19.7230829
0,94,20,35,-0.7514885,38.9101529
0,94,50,35,-1.4711440,17.7200451
0,94,52,90,-0.2663667,38.1182371
0,94,64,52,-0.2144345,9.0000000
0,94,55,55,0.3268044,3.0000000
0,94,96,23,0.6371449,50.2195181
0,94,66,25,-0.4853891,29.1547595
0,94,63,26,-1.2047210,27.2029410
0,94,67,82,-1.3361350,32.3109888
0,94,58,36,-2.0594310,16.2788206
0,95,69,52,0.1251952,7.8102497
0,95,30,64,-0.4294510,33.7342556
0,95,67,53,0.2047423,5.6568542
0,95,52,42,-0.3973562,18.6010752
0,95,60,62,0.6242805,5.8309519
0,95,70,48,-0.7856170,11.4017543
0,95,66,65,1.2343560,8.5440037
0,95,78,46,-0.6527440,18.6010752
0,95,72,40,-2.2339100,19.2353841
0,95,50,49,-1.8689030,15.2643375
0,96,62,52,-0.1738610,10.1980390
0,96,56,77,-0.7286190,17.0000000
0,96,90,42,-0.7274123,32.8024389
0,96,44,45,-1.8589370,26.2488095
0,96,48,57,-1.2139300,16.7630546
0,96,42,66,-1.5519870,22.3606798
0,96,65,64,0.9012197,2.2360680
0,96,51,58,-0.0931044,13.6014705
0,96,63,73,0.3751067,11.0453610
0,96,57,57,-0.8829453,8.6023253
0,97,82,63,-0.4543530,6.7082039
0,97,85,61,-1.3823080,7.2111026
0,97,88,62,-0.6823362,10.2956301
0,97,81,63,-0.7699025,6.3245553
0,97,42,59,-1.4632360,37.0540146
0,97,61,68,-0.5441359,21.0950231
0,97,84,59,-0.3764062,5.3851648
0,97,74,61,0.6111527,6.4031242
0,97,96,86,0.1666711,33.6154726
0,97,56,32,-1.4482700,33.9705755
0,98,78,44,-1.1860600,15.8113883
0,98,94,28,0.7298730,37.4432905
0,98,93,64,-0.7559001,20.6155281
0,98,68,29,-1.8671990,30.4138127
0,98,77,55,-0.2278312,5.6568542
0,98,53,60,-0.6360196,20.0249844
0,98,49,60,-0.9492675,24.0208243
0,98,79,36,-0.3366173,23.7697286
0,98,76,52,-0.3345152,7.6157731
0,98,64,66,1.0025270,11.4017543
0,99,81,69,-1.0713880,8.6023253
0,99,74,52,0.1101054,12.0000000
0,99,43,43,-0.7552690,37.4432905
0,99,68,64,1.5486300,6.0000000
0,99,88,67,-0.7343200,14.3178211
0,99,62,45,-1.1408090,22.4722051
0,99,40,33,-1.8339810,46.0108683
0,99,61,45,-0.8542052,23.0217289
0,99,78,56,0.9667145,8.9442719
0,99,65,68,0.1790068,9.8488578
0,100,59,55,-0.0463230,17.1172428
0,100,92,74,-0.2529798,23.3452351
0,100,75,59,1.2487890,2.2360680
0,100,77,70,-0.3154467,13.0384048
0,100,56,46,-2.3059780,22.8254244
0,100,54,31,-0.9955469,34.0587727
0,100,74,60,1.5234990,3.6055513
0,100,68,54,0.4826997,8.5440037
0,100,66,38,-1.1435870,21.4709106
0,100,46,81,0.4289311,38.4187454
0,101,87,44,0.1262037,17.0293864
0,101,74,47,-0.4219187,10.1980390
0,101,75,93,-1.1082340,36.0138862
0,101,65,40,-1.2951080,20.2484567
0,101,90,49,-1.7418180,16.1245155
0,101,77,57,1.4511980,1.0000000
0,101,44,48,-1.9503570,33.2415403
0,101,83,61,-1.7194920,8.0622577
0,101,80,52,0.3861733,6.4031242
0,101,89,35,0.1525265,25.5538647
0,102,55,74,-0.0820069,15.0000000
0,102,81,64,-0.8470923,14.0356688
0,102,70,60,0.9564150,5.8309519
0,102,72,44,-1.0854280,21.5870331
0,102,60,66,0.3481463,7.0710678
0,102,65,75,0.2058590,10.1980390
0,102,66,45,-0.5906216,20.0249844
0,102,62,98,0.3090216,33.3766385
0,102,15,69,0.4261798,52.1536192
0,102,52,44,-1.8607020,25.8069758
0,103,78,62,0.7469046,10.1980390
0,103,78,71,-0.2046405,12.2065556
0,103,64,64,0.3148652,4.0000000
0,103,69,73,0.6317130,9.0553851
0,103,76,68,1.0978560,8.9442719
0,103,70,49,-0.8626900,15.1327460
0,103,65,68,0.1790068,5.0000000
0,103,89,62,-0.8223664,21.0950231
0,103,88,73,-1.1073060,21.9317122
0,103,20,49,0.3377151,50.2891638
0,104,77,67,0.6671395,13.0384048
0,104,70,50,-0.9064573,17.0880075
0,104,78,70,-0.0444383,14.5602198
0,104,59,57,0.1989489,10.2956301
0,104,71,61,0.8767631,8.6023253
0,104,66,78,-0.3211777,12.1655251
0,104,71,83,-2.1341090,18.3847763
0,104,64,60,1.0300660,6.0000000
0,104,45,88,0.4544479,29.0688837
0,104,94,72,-0.7824133,30.5941171
0,105,81,71,-1.4553730,19.2353841
0,105,65,60,0.7432065,2.2360680
0,105,67,56,0.5651531,6.7082039
0,105,88,89,-1.7907720,36.1247837
0,105,89,57,-0.8224691,25.4950976
0,105,50,73,-0.3368508,17.8044938
0,105,19,34,0.4063674,53.0000000
0,105,80,36,-0.2965609,30.5286750
0,105,43,97,0.4482306,40.8166633
0,105,69,81,-2.1199650,19.6468827
0,106,48,91,0.5963611,37.4833296
0,106,58,59,0.0072946,18.0277564
0,106,64,34,-2.0230840,32.8937684
0,106,68,87,-1.8199430,23.0867928
0,106,63,64,0.6705790,12.0415946
0,106,84,67,-1.1864000,9.2195445
0,106,55,70,-0.5425753,20.6155281
0,106,78,59,0.9935673,6.7082039
0,106,99,94,-0.6943567,37.6430604
0,106,50,82,-0.7992611,30.2324329
0,107,67,53,0.2047423,12.7279221
0,107,97,56,-0.9935635,21.8403297
0,107,76,66,2.5387070,4.0000000
0,107,69,54,0.9132639,10.6301458
0,107,77,62,0.8664919,1.0000000
0,107,78,71,-0.2046405,9.2195445
0,107,72,59,0.4084985,5.0000000
0,107,68,74,0.2357778,14.4222051
0,107,67,65,1.9424850,9.4868330
0,107,68,78,-0.5342902,17.8885438
0,108,57,60,-0.0562185,16.4924225
0,108,87,76,-0.8943423,18.4390889
0,108,74,68,1.0092890,4.1231056
0,108,73,63,1.0322060,1.0000000
0,108,56,44,-1.7962280,26.2488095
0,108,76,67,1.3930560,4.2426407
0,108,78,64,0.5579233,5.0000000
0,108,72,61,0.4390671,3.1622777
0,108,64,82,0.5306967,20.1246118
0,108,46,39,-1.2666790,36.7967390
0,109,83,59,-0.1167580,7.0710678
0,109,49,42,-1.1111390,31.3847097
0,109,68,85,-0.9878110,28.1602557
0,109,69,55,0.5638539,7.6157731
0,109,89,50,-1.3631990,15.2643375
0,109,80,45,-1.1158960,13.6014705
0,109,91,64,-1.4636850,16.1554944
0,109,78,48,-0.3745946,10.1980390
0,109,70,72,-0.1284058,15.2315462
0,109,76,56,0.7534583,2.0000000
0,110,77,55,-0.2278312,13.4164079
0,110,54,55,0.0518649,12.5299641
0,110,48,47,-0.8928430,22.0227155
0,110,50,51,-0.8890845,18.0277564
0,110,51,73,-0.6799979,18.4390889
0,110,79,98,-0.7016382,39.5600809
0,110,51,55,-0.3228567,15.2315462
0,110,70,71,0.6781715,11.1803399
0,110,60,61,0.8547856,5.0000000
0,110,80,76,-1.3872740,21.2132034
0,111,36,51,-0.0445055,27.3130006
0,111,69,45,-0.7885971,18.7882942
0,111,77,46,-0.4593812,22.6274170
0,111,54,72,0.1905214,12.2065556
0,111,56,60,-0.6399186,5.3851648
0,111,30,44,-0.4222835,35.8468967
0,111,60,61,0.8547856,1.4142136
0,111,81,50,-0.5180693,23.3238076
0,111,61,80,-0.6152842,18.0000000
0,111,64,67,-0.3858949,5.8309519
0,112,70,72,-0.1284058,11.3137085
0,112,68,70,1.7433770,8.4852814
0,112,71,66,0.7528585,9.2195445
0,112,50,60,-0.7199329,12.6491106
0,112,54,69,-0.6738194,9.4339811
0,112,44,65,-2.3607410,18.0277564
0,112,18,49,0.1883611,46.4865572
0,112,59,53,-0.5197000,11.4017543
0,112,65,57,-0.0667129,7.6157731
0,112,82,49,-0.3097418,25.0000000
0,113,85,63,-1.1806940,15.0332964
0,113,72,57,0.6832184,7.2801099
0,113,79,58,0.3957602,10.8166538
0,113,65,73,0.3564125,10.2956301
0,113,79,39,-0.4983928,26.5706605
0,113,83,80,-0.2082943,20.6155281
0,113,85,47,-1.3652920,22.6715681
0,113,78,44,-1.1860600,21.5406592
0,113,40,42,0.1618936,37.2021505
0,113,69,87,-1.7165390,23.0217289
0,114,72,44,-1.0854280,19.2353841
0,114,69,49,-1.0760320,13.4164079
0,114,64,67,-0.3858949,6.0827625
0,114,48,84,-0.1896989,27.4590604
0,114,92,63,-1.1835490,29.0688837
0,114,77,47,-0.1837790,19.7989899
0,114,36,83,-0.2236340,34.8281495
0,114,81,71,-1.4553730,20.5912603
0,114,65,52,0.0545705,9.2195445
0,114,75,62,0.9808444,12.0415946
0,115,68,64,1.5486300,8.2462113
0,115,94,39,0.0600567,41.0487515
0,115,67,75,-0.2925364,14.7648231
0,115,83,43,-0.2002930,29.8328678
0,115,66,92,-0.2643448,30.5941171
0,115,16,52,-0.1929174,45.1220567
0,115,52,76,1.1396110,16.1245155
0,115,86,38,-0.5712649,35.3836120
0,115,55,63,-0.5433820,5.0990195
0,115,70,37,-2.7975040,26.9258240
0,116,65,70,-0.1511412,3.6055513
0,116,66,78,-0.3211777,6.3245553
0,116,40,90,-0.6260653,33.2866340
0,116,79,52,0.6089265,22.8254244
0,116,70,63,0.5238126,9.2195445
0,116,27,87,-0.2401730,43.6577599
0,116,36,73,0.7986810,32.0156212
0,116,87,45,-0.7248095,33.0151480
0,116,68,64,1.5486300,8.0000000
0,116,66,56,0.6167251,16.1245155
0,117,57,92,-0.0999486,23.8537209
0,117,40,79,0.5612894,30.8058436
0,117,63,65,0.9035527,9.8994949
0,117,63,61,1.4424850,13.0384048
0,117,68,83,-1.1490140,11.1803399
0,117,75,67,1.8707250,7.0710678
0,117,74,57,1.2739120,15.5241747
0,117,64,82,0.5306967,11.6619038
0,117,71,67,0.8914676,5.0990195
0,117,87,75,-0.8455033,17.2626765
0,118,59,59,0.7398052,15.2643375
0,118,69,45,-0.7885971,22.2036033
0,118,40,69,-0.2212630,32.0624391
0,118,78,65,0.7682252,6.3245553
0,118,77,51,-0.4989508,16.7630546
0,118,64,49,-0.7575519,19.6977156
0,118,61,57,0.7286553,14.8660687
0,118,79,72,-0.8074717,8.6023253
0,118,77,44,-1.1208350,23.5372046
0,118,74,64,1.3669970,3.6055513
0,119,42,80,0.4583931,26.8700577
0,119,57,65,-1.1113840,5.6568542
0,119,47,51,-1.5037340,17.2046505
0,119,89,73,-0.3854055,30.4630924
0,119,40,52,-0.7736375,22.8473193
0,119,60,57,0.3580576,4.1231056
0,119,71,56,1.1208310,11.1803399
0,119,32,50,0.7415063,31.0161248
0,119,62,67,-0.5147386,6.0827625
0,119,52,76,1.1396110,17.4928557
0,120,29,67,-1.6493080,31.7804972
0,120,56,44,-1.7962280,16.4924225
0,120,61,72,-0.3852786,12.0415946
0,120,59,53,-0.5197000,7.0710678
0,120,22,71,-0.7703049,39.5600809
0,120,86,64,-1.0720240,26.3058929
0,120,52,97,1.0416470,37.8549865
0,120,59,54,-0.3518857,6.0827625
0,120,45,59,-2.2473850,15.0332964
0,120,61,60,1.2854060,1.0000000
0,121,98,57,-0.6380468,23.0000000
0,121,65,40,-1.2951080,19.7230829
0,121,56,48,-1.8137760,21.0237960
0,121,68,57,1.2495790,7.0000000
0,121,71,29,-2.1324860,28.2842712
0,121,70,51,-0.5582069,7.8102497
0,121,92,36,-0.5113733,27.0185122
0,121,81,52,0.6377474,7.8102497
0,121,92,61,-0.7630014,17.4642492
0,121,84,62,-0.9273240,10.2956301
0,122,93,72,-1.1240520,21.9317122
0,122,83,64,-0.5541605,9.2195445
0,122,60,43,-1.5488410,22.0227155
0,122,93,38,-0.4720664,24.8394847
0,122,78,58,0.8263172,1.4142136
0,122,48,47,-0.8928430,30.6757233
0,122,68,57,1.2495790,9.0000000
0,122,82,62,-1.0875600,7.0710678
0,122,66,49,0.0466782,13.6014705
0,122,65,43,-1.4617610,18.4390889
0,123,82,33,-0.3833334,3.1622777
0,123,87,50,-0.9789925,18.1107703
0,123,80,7,1.4158240,25.4950976
0,123,80,44,-1.0204660,13.0000000
0,123,88,60,-0.9156704,28.1602557
0,123,59,26,-0.9591536,26.6833281
0,123,87,27,0.9634682,5.3851648
0,123,72,49,-0.4239367,21.4009346
0,123,74,11,1.4330120,23.7065392
0,123,88,22,0.2458251,10.4403065
0,124,97,51,-0.2495834,26.5706605
0,124,69,67,1.5723360,45.1884941
0,124,93,31,0.7106710,7.0710678
0,124,87,2,1.0407180,24.0208243
0,124,87,1,0.7189860,25.0199920
0,124,80,25,-0.1089654,8.0622577
0,124,48,44,-0.5150721,43.8634244
0,124,66,7,1.0548480,29.0688837
0,124,81,46,-0.7139688,21.1896201
0,124,84,50,-1.1269570,24.3310501
0,125,98,24,0.7609511,10.1980390
0,125,76,31,-1.0877100,13.0000000
0,125,89,19,1.0425310,7.0710678
0,125,85,12,0.9530673,14.3178211
0,125,92,39,0.4032268,13.6014705
0,125,90,25,0.8030233,2.2360680
0,125,91,27,0.3053953,3.1622777
0,125,82,28,0.2973459,6.3245553
0,125,87,5,1.8392880,21.0237960
0,125,60,33,-0.8002255,28.8617394
0,126,86,21,-0.0148355,5.0990195
0,126,82,35,-0.0537609,10.2956301
0,126,92,0,0.1193397,26.4764046
0,126,40,12,1.6516420,49.0407993
0,126,86,17,0.9878264,9.0553851
0,126,67,24,-1.1539030,20.0997512
0,126,84,45,-1.6344980,19.2353841
0,126,66,10,1.0645320,26.4007576
0,126,72,38,-2.3696830,19.2093727
0,126,74,28,-0.0047362,13.1529464
0,127,49,66,-1.4129870,53.8144962
0,127,75,2,1.0687350,31.3049517
0,127,87,26,1.3981710,4.4721360
0,127,89,24,1.0542070,6.0000000
0,127,92,24,0.3093219,6.7082039
0,127,87,19,1.4238480,11.1803399
0,127,58,31,-1.2496070,31.0161248
0,127,95,17,-0.3676835,14.3178211
0,127,67,36,-1.6401090,22.8035085
0,127,39,58,-1.3904990,57.3061951
0,128,90,31,1.0878700,5.0990195
0,128,91,15,0.1305470,11.0000000
0,128,93,27,1.1279920,2.2360680
0,128,97,27,-0.2491519,6.0827625
0,128,57,22,-0.5649435,34.2344855
0,128,80,32,0.0472074,12.5299641
0,128,92,29,1.0099660,3.1622777
0,128,93,86,0.8085939,60.0333241
0,128,86,16,-0.0807671,11.1803399
0,128,77,5,1.3435400,25.2388589
0,129,65,21,0.5608286,17.4928557
0,129,82,10,1.3875470,8.9442719
0,129,90,4,1.8441710,16.1245155
0,129,38,7,0.3842437,36.0138862
0,129,84,13,0.1292212,12.2065556
0,129,52,36,-1.4198570,37.2021505
0,129,80,11,1.0268210,7.8102497
0,129,55,8,0.4070733,19.1049732
0,129,30,51,-0.1451253,62.9364759
0,129,85,21,0.3337751,18.6010752
0,130,66,12,0.8231275,10.0498756
0,130,77,16,-0.1563393,3.1622777
0,130,69,9,0.4589175,8.0622577
0,130,85,27,0.9544123,16.6433170
0,130,59,31,-1.2197740,24.7588368
0,130,82,21,-0.2771591,10.0000000
0,130,60,52,-0.6798745,42.1544778
0,130,81,13,0.5858646,5.0000000
0,130,88,50,-1.4516480,38.8973007
0,130,83,20,0.2791238,9.8994949
0,131,92,4,0.5732740,18.9736660
0,131,69,6,1.0661240,6.4031242
0,131,78,20,-0.0734632,10.7703296
0,131,91,16,0.0970205,18.0277564
0,131,87,1,0.7189860,15.8113883
0,131,73,7,1.9637510,3.1622777
0,131,81,5,1.3937340,8.6023253
0,131,50,10,0.7451118,24.0000000
0,131,93,22,-0.0392784,22.4722051
0,131,88,21,-0.1716116,17.8044938
0,132,78,3,1.1933120,5.3851648
0,132,66,14,-0.4404819,11.6619038
0,132,91,27,0.3053953,24.2074369
0,132,39,12,1.7997170,37.2155881
0,132,60,13,1.0839740,16.7630546
0,132,86,16,-0.0807671,12.8062485
0,132,65,10,0.8967595,11.1803399
0,132,70,15,-0.7064099,9.2195445
0,132,88,19,1.3303500,16.2788206
0,132,79,9,1.2442230,3.1622777
0,133,74,4,1.3258640,2.8284271
0,133,78,10,1.7802590,4.4721360
0,133,83,6,2.9456110,7.0000000
0,133,87,24,1.1109290,21.0950231
0,133,99,1,-0.8724352,23.5372046
0,133,79,0,0.0660697,6.7082039
0,133,62,6,0.1039434,14.0000000
0,133,76,6,2.5767310,0.0000000
0,133,72,12,1.8000210,7.2111026
0,133,69,43,-0.7545009,37.6563408
0,134,79,5,1.0075230,3.1622777
0,134,58,34,-1.4698560,33.2866340
0,134,68,3,0.1326629,8.5440037
0,134,64,32,-1.3929280,28.6356421
0,134,81,19,0.2376457,13.9283883
0,134,78,5,0.6887918,2.2360680
0,134,73,6,1.1326920,3.0000000
0,134,55,28,-1.2039310,30.4138127
0,134,73,15,0.3974180,9.4868330
0,134,90,2,0.8706132,14.5602198
0,135,86,36,-0.4319004,31.0161248
0,135,47,13,0.7068647,28.6356421
0,135,75,8,1.8841520,1.0000000
0,135,82,5,2.1337520,7.2801099
0,135,70,23,-0.7399545,16.7630546
0,135,83,4,2.1901920,8.5440037
0,135,78,3,1.1933120,5.0000000
0,135,69,17,-0.5488033,11.6619038
0,135,78,41,-0.2176198,34.1320963
0,135,53,14,-0.9021650,23.0867928
0,136,69,1,1.2657690,10.0000000
0,136,74,1,1.0663600,6.7082039
0,136,71,7,0.5933488,6.0000000
0,136,95,28,0.5480157,27.6586334
0,136,90,10,0.4359558,13.3416641
0,136,31,20,0.8159266,47.8016736
0,136,80,4,1.2605180,4.2426407
0,136,62,22,-0.7058412,21.2132034
0,136,50,0,0.4441330,27.8926514
0,136,73,8,1.6758760,4.1231056
0,137,89,6,1.7398030,5.0000000
0,137,97,38,-0.4817220,34.5398321
0,137,91,13,-0.1725748,9.8994949
0,137,58,34,-1.4698560,38.2099463
0,137,95,0,-1.1325410,12.5299641
0,137,86,8,1.2716960,2.8284271
0,137,92,4,0.5732740,8.2462113
0,137,90,14,0.6414939,10.0000000
0,137,90,22,0.0054132,17.0880075
0,137,84,13,0.1292212,7.0000000
0,138,97,33,-0.2760265,29.5296461
0,138,84,3,1.6572170,4.1231056
0,138,69,14,-0.1103277,15.6524758
0,138,87,11,1.0737340,5.6568542
0,138,76,26,-0.5344159,20.2484567
0,138,78,1,1.0891160,7.8102497
0,138,60,7,0.6059411,23.0000000
0,138,93,6,0.2463874,10.0498756
0,138,81,0,0.2115914,7.2801099
0,138,79,17,0.1231144,10.7703296
0,139,63,11,1.4888090,20.8806130
0,139,70,13,0.1669741,15.2643375
0,139,79,1,0.1993255,5.6568542
0,139,85,2,0.7440420,3.6055513
0,139,89,5,2.3483120,6.0000000
0,139,83,15,-0.6189015,10.0000000
0,139,71,0,1.6722050,13.0000000
0,139,87,17,0.8383577,12.6491106
0,139,75,10,1.1946660,9.4339811
0,139,90,38,-0.6513907,33.7342556
0,140,64,17,-0.4744894,22.4722051
0,140,84,13,0.1292212,8.0622577
0,140,67,10,0.6867940,16.7630546
0,140,83,14,-0.0139308,9.0000000
0,140,74,22,-0.3716872,19.2353841
0,140,71,33,-2.2859120,30.4630924
0,140,77,54,-0.2676726,49.3659802
0,140,86,7,1.2785840,3.6055513
0,140,70,27,-1.4436340,25.5538647
0,140,62,14,-0.5003928,22.8473193
0,141,53,50,-1.0928440,53.8237866
0,141,65,10,0.8967595,19.4164878
0,141,82,14,-0.2098581,8.2462113
0,141,97,5,-0.6588387,13.0384048
0,141,93,17,0.0654242,14.2126704
0,141,84,2,1.3433230,4.0000000
0,141,67,27,-0.9599292,27.0185122
0,141,71,14,0.3205445,15.2643375
0,141,84,3,1.6572170,3.0000000
0,141,94,2,-0.8296539,10.7703296
0,142,80,7,1.4158240,3.1622777
0,142,45,37,-1.0516650,49.0407993
0,142,79,7,1.4395900,4.1231056
0,142,72,2,1.3434320,11.7046999
0,142,84,6,2.6439770,1.0000000
0,142,72,10,0.9434640,11.7046999
0,142,84,12,1.3238020,6.0827625
0,142,90,7,0.8658286,7.0710678
0,142,72,2,1.3434320,11.7046999
0,142,86,21,-0.0148355,15.2970585
0,143,83,17,-0.5309717,11.0000000
0,143,94,8,0.0831761,11.1803399
0,143,80,9,0.8387530,4.2426407
0,143,93,33,0.2155170,28.7923601
0,143,77,10,1.5775760,7.2111026
0,143,89,15,-0.3268803,10.8166538
0,143,74,53,-0.1822980,47.8539445
0,143,55,13,0.0572752,28.8617394
0,143,57,4,0.3479478,26.0768096
0,143,88,11,0.1349955,7.0710678
0,144,73,61,0.4985008,55.0817574
0,144,39,27,-0.3816186,42.5440948
0,144,74,28,-0.0047362,22.0907220
0,144,82,15,-0.1599472,10.8166538
0,144,72,29,-1.3502150,23.3452351
0,144,70,6,1.0536310,6.0000000
0,144,85,2,0.7440420,9.8488578
0,144,84,21,0.1809934,17.0000000
0,144,71,6,1.2943170,5.0000000
0,144,64,2,0.2014960,12.6491106
0,145,60,10,0.6690890,15.2970585
0,145,88,8,0.9932488,13.0384048
0,145,92,15,-0.2564945,18.7882942
0,145,55,28,-1.2039310,29.0000000
0,145,74,32,-1.8771700,25.0199920
0,145,78,3,1.1933120,5.0000000
0,145,90,7,0.8658286,15.0000000
0,145,79,1,0.1993255,7.2111026
0,145,82,23,0.3957607,17.4642492
0,145,70,1,1.5391340,7.8102497
0,146,79,18,0.2892157,12.6491106
0,146,54,3,-0.3871796,29.1547595
0,146,90,23,0.3341128,18.3847763
0,146,87,15,-0.1396444,9.8488578
0,146,91,18,0.0439470,14.4222051
0,146,92,15,-0.2564945,12.7279221
0,146,75,11,1.7724240,9.4339811
0,146,90,4,1.8441710,7.2801099
0,146,89,35,0.1525265,29.6141858
0,146,92,9,0.1385624,9.4868330
0,147,59,18,-0.8507663,27.7308492
0,147,87,13,0.6155618,7.6157731
0,147,79,6,0.9353964,5.0000000
0,147,97,3,-0.3413907,13.3416641
0,147,75,17,-0.3389206,14.2126704
0,147,84,7,2.2449940,1.0000000
0,147,87,1,0.7189860,5.8309519
0,147,73,9,1.3127110,11.4017543
0,147,87,1,0.7189860,5.8309519
0,147,84,7,2.2449940,1.0000000
0,148,91,7,1.0216080,15.0332964
0,148,79,5,1.0075230,3.1622777
0,148,79,0,0.0660697,6.7082039
0,148,81,19,0.2376457,13.9283883
0,148,98,33,0.2609828,34.8281495
0,148,76,5,1.5196690,1.0000000
0,148,99,9,0.2606460,23.1948270
0,148,75,8,1.8841520,2.2360680
0,148,66,1,0.1442967,11.1803399
0,148,80,4,1.2605180,4.4721360
0,149,48,42,-0.4741715,43.6004587
0,149,61,11,0.6980784,13.6014705
0,149,99,3,-0.7535143,25.3179778
0,149,61,7,0.5392704,13.0000000
0,149,96,43,-1.8319240,42.1900462
0,149,74,7,2.2729140,0.0000000
0,149,29,41,-1.5069590,56.4003546
0,149,58,34,-1.4698560,31.3847097
0,149,70,24,-0.6476607,17.4642492
0,149,90,24,0.8271469,23.3452351
0,150,83,14,-0.0139308,8.0000000
0,150,83,1,0.5604989,5.0000000
0,150,77,6,1.1762730,6.0000000
0,150,53,16,-0.2023902,31.6227766
0,150,86,26,0.0645230,20.2237484
0,150,76,21,-0.8017346,16.5529454
0,150,55,8,0.4070733,28.0713377
0,150,79,10,1.3655220,5.6568542
0,150,90,7,0.8658286,7.0710678
0,150,85,12,0.9530673,6.3245553
0,151,63,34,-1.5345290,35.2278299
0,151,87,21,0.2246668,16.4924225
0,151,89,17,1.1097120,13.4164079
0,151,80,11,1.0268210,6.7082039
0,151,99,0,-0.4536231,16.7630546
0,151,82,5,2.1337520,1.0000000
0,151,64,12,0.7883463,20.2484567
0,151,79,27,-0.3159311,22.3606798
0,151,59,5,0.4283034,24.0000000
0,151,75,56,0.9087169,51.6236380
0,152,51,16,0.4278198,33.5261092
0,152,90,31,1.0878700,25.9615100
0,152,68,27,-0.8415548,25.8069758
0,152,65,10,0.8967595,18.4390889
0,152,70,8,0.5439270,13.1529464
0,152,87,13,0.6155618,8.0622577
0,152,86,8,1.2716960,3.6055513
0,152,84,18,-0.4514084,12.0415946
0,152,61,36,-1.5219440,37.2021505
0,152,67,7,1.4312140,16.0312195
0,153,72,15,0.1995154,15.6204994
0,153,74,8,1.9194360,10.4403065
0,153,95,31,0.4706247,28.2311884
0,153,78,12,1.3870950,9.2195445
0,153,52,0,0.1938362,32.3882695
0,153,89,6,1.7398030,5.0990195
0,153,92,12,0.2195132,10.6301458
0,153,82,5,2.1337520,2.0000000
0,153,98,14,-0.3227664,16.6433170
0,153,86,20,0.4739278,15.1327460
0,154,89,9,0.2952168,5.8309519
0,154,99,24,0.8064324,23.4307490
0,154,82,14,-0.2098581,8.2462113
0,154,82,28,0.2973459,22.0907220
0,154,85,34,-0.1764085,28.0178515
0,154,73,46,-0.5467440,41.4849370
0,154,82,8,1.4293420,2.8284271
0,154,87,4,1.4651420,3.6055513
0,154,56,39,-1.4935040,43.2781700
0,154,98,14,-0.3227664,16.1245155
0,155,79,5,1.0075230,5.0990195
0,155,96,30,-0.3245000,26.8328157
0,155,88,2,1.5425770,5.6568542
0,155,91,3,0.7339312,7.6157731
0,155,93,9,0.1692125,9.4868330
0,155,78,10,1.7802590,7.2111026
0,155,73,39,-1.6768350,34.7850543
0,155,85,4,1.4151810,2.2360680
0,155,95,5,-0.8595968,11.0453610
0,155,61,26,-0.9242091,30.4795013
0,156,90,18,0.4326157,13.8924440
0,156,91,12,-0.6261669,10.0000000
0,156,81,1,0.9009460,5.3851648
0,156,70,3,0.6553551,13.3416641
0,156,87,30,0.7978450,24.3310501
0,156,84,20,-0.0066086,14.0356688
0,156,81,28,-0.2015990,22.0907220
0,156,70,45,-0.6784046,41.1096096
0,156,71,6,1.2943170,12.0000000
0,156,76,5,1.5196690,7.0710678
0,157,83,2,1.4732980,4.0000000
0,157,81,10,1.5078830,4.4721360
0,157,70,24,-0.6476607,22.2036033
0,157,63,8,0.4963791,20.0997512
0,157,96,54,-0.9030274,49.7292670
0,157,90,9,0.2428068,7.6157731
0,157,27,22,-0.1269560,58.2408791
0,157,74,1,1.0663600,10.2956301
0,157,83,13,0.1046112,7.0000000
0,157,84,12,1.3238020,6.0827625
0,158,96,18,-0.0404656,15.0000000
0,158,86,10,1.0946100,4.1231056
0,158,85,3,1.3033940,3.6055513
0,158,92,20,-0.2464192,14.8660687
0,158,54,20,-1.1143730,35.8468967
0,158,61,12,0.3923420,26.6833281
0,158,64,9,0.4699140,23.1948270
0,158,88,4,2.1044440,2.2360680
0,158,82,0,-0.0845980,7.8102497
0,158,93,11,0.2347248,7.8102497
0,159,46,27,0.0995440,42.5440948
0,159,80,19,0.7434024,13.3416641
0,159,80,11,1.0268210,5.8309519
0,159,68,31,-1.1923900,29.1547595
0,159,59,6,0.5252039,24.0000000
0,159,70,17,-0.3411118,17.0293864
0,159,76,21,-0.8017346,16.5529454
0,159,85,12,0.9530673,6.3245553
0,159,96,11,0.1824098,13.9283883
0,159,45,20,0.2662060,40.4969135
0,160,66,0,1.0126950,18.9736660
0,160,75,5,1.7687000,9.0553851
0,160,85,38,-0.6880241,32.0156212
0,160,75,24,-0.4435642,20.1246118
0,160,44,18,0.8677292,41.7612260
0,160,57,10,0.3522976,27.2946881
0,160,68,12,-0.1231320,17.0880075
0,160,80,8,0.8146866,4.4721360
0,160,61,24,-1.7895290,29.2061637
0,160,31,30,-1.3362680,58.1807528
0,161,79,19,0.7765007,13.6014705
0,161,79,22,-1.3217760,16.4924225
0,161,50,10,0.7451118,33.2415403
0,161,76,16,0.0186736,12.2065556
0,161,74,34,-2.1133540,29.4108823
0,161,81,6,1.3996120,2.0000000
0,161,80,21,-0.3000120,15.2970585
0,161,30,29,-1.0923290,57.7754273
0,161,90,15,0.0596344,11.4017543
0,161,69,1,1.2657690,14.8660687
0,162,84,31,0.2005577,25.0000000
0,162,41,22,0.7189245,39.0000000
0,162,96,24,1.4163950,25.4950976
0,162,80,22,-0.7770964,15.2970585
0,162,24,40,-0.9201644,62.4339651
0,162,81,23,-0.1017938,16.4924225
0,162,77,12,1.4646720,5.0000000
0,162,84,1,0.3060848,9.2195445
0,162,73,10,0.9556211,5.0000000
0,162,78,13,1.6311060,6.0827625
0,163,94,13,0.2951465,13.6014705
0,163,97,14,-0.2674976,16.6433170
0,163,70,11,-0.0724395,14.3178211
0,163,87,11,1.0737340,7.2111026
0,163,95,0,-1.1325410,13.0000000
0,163,78,24,-1.0012840,19.6468827
0,163,86,0,0.6886082,5.8309519
0,163,94,2,-0.8296539,11.4017543
0,163,74,31,-1.9500910,27.5136330
0,163,85,11,1.2766990,6.3245553
0,164,95,13,0.1985117,13.0384048
0,164,68,1,1.1681930,16.7630546
0,164,86,33,-0.6391056,27.0739727
0,164,69,34,-2.0482760,31.7647603
0,164,84,9,0.8727156,3.0000000
0,164,93,17,0.0654242,14.2126704
0,164,79,3,1.1413260,5.8309519
0,164,89,3,1.7573560,5.8309519
0,164,95,16,-0.3537378,14.8660687
0,164,82,9,1.3156410,3.6055513
0,165,90,6,1.6938830,7.0000000
0,165,70,2,1.4889970,13.6014705
0,165,89,0,0.6365801,8.4852814
0,165,31,4,0.3942742,52.0384473
0,165,66,10,1.0645320,17.4642492
0,165,43,1,1.1601100,40.3112887
0,165,69,14,-0.1103277,16.1245155
0,165,92,5,0.8119667,9.0553851
0,165,89,1,0.4081452,7.8102497
0,165,77,5,1.3435400,6.0827625
0,166,71,6,1.2943170,12.0000000
0,166,87,49,-1.0005880,43.1856458
0,166,47,15,0.3831971,37.1079506
0,166,84,14,-0.1101305,8.0622577
0,166,91,35,-0.8546123,30.0832179
0,166,87,12,0.8179177,7.2111026
0,166,62,5,0.4788065,21.0237960
0,166,76,25,0.1493888,20.2484567
0,166,80,14,0.4655161,8.5440037
0,166,80,22,-0.7770964,16.2788206
0,167,96,30,-0.3245000,27.7308492
0,167,77,12,1.4646720,9.8994949
0,167,79,39,-0.4983928,34.3656806
0,167,69,18,-0.1143134,19.8494332
0,167,86,17,0.9878264,12.1655251
0,167,80,13,0.6274554,8.9442719
0,167,90,3,0.6997814,6.3245553
0,167,90,2,0.8706132,6.7082039
0,167,91,5,1.3570450,7.0000000
0,167,98,2,-0.1164662,14.3178211
0,168,77,25,-1.2311390,18.0000000
0,168,56,25,-1.1345010,27.6586334
0,168,78,0,0.2198781,7.0710678
0,168,72,7,0.9787053,5.0000000
0,168,59,21,-0.8615970,22.8035085
0,168,60,8,0.0451059,17.0293864
0,168,78,8,1.4071110,1.4142136
0,168,26,52,0.9078675,68.0147043
0,168,77,7,2.5135510,0.0000000
0,168,75,1,1.2642840,6.3245553
0,169,91,8,0.8579808,15.1327460
0,169,92,28,0.3649235,27.2029410
0,169,88,12,0.3018508,13.4164079
0,169,87,9,1.3794740,11.4017543
0,169,77,6,1.1762730,1.0000000
0,169,76,10,1.4847920,4.0000000
0,169,62,27,-1.0639970,25.2388589
0,169,71,19,-0.4967129,13.9283883
0,169,82,58,-0.1422392,52.3450093
0,169,74,11,1.4330120,5.3851648
0,170,67,13,0.0973909,17.8885438
0,170,88,2,1.5425770,5.8309519
0,170,73,32,-2.2751180,28.7923601
0,170,67,12,0.0431424,17.4642492
0,170,88,11,0.1349955,7.8102497
0,170,88,13,0.3154572,9.4339811
0,170,75,8,1.8841520,8.5440037
0,170,78,3,1.1933120,5.3851648
0,170,90,10,0.4359558,8.6023253
0,170,79,23,-0.9988528,18.4390889
0,171,80,10,1.4181370,5.0000000
0,171,89,16,0.2600839,11.6619038
0,171,95,12,0.0930965,13.4164079
0,171,74,6,1.7584530,9.0000000
0,171,70,2,1.4889970,13.6014705
0,171,92,2,-0.5127360,9.8488578
0,171,80,6,1.3300480,3.0000000
0,171,77,38,-0.7657208,32.5576412
0,171,85,17,0.5747217,11.1803399
0,171,97,17,-0.1530440,17.8044938
0,172,77,12,1.4646720,7.0710678
0,172,69,27,-1.8152090,23.8537209
0,172,93,14,0.0170328,13.0384048
0,172,68,4,0.3177151,14.3178211
0,172,81,2,0.8472038,5.0990195
0,172,70,19,0.0528129,16.9705627
0,172,71,43,-0.8641106,37.6430604
0,172,86,9,1.3595520,4.4721360
0,172,90,2,0.8706132,9.4339811
0,172,65,17,-0.2230881,19.7230829
0,173,48,9,0.7159359,36.0555128
0,173,81,12,1.1974760,5.8309519
0,173,82,6,2.7139460,2.2360680
0,173,83,9,1.3370550,2.2360680
0,173,70,27,-1.4436340,24.4131112
0,173,82,17,0.2570539,10.1980390
0,173,87,8,1.8035730,3.1622777
0,173,99,41,-1.6298490,37.1618084
0,173,75,6,2.3006530,9.0553851
0,173,72,7,0.9787053,12.0000000
0,174,93,14,0.0170328,10.0000000
0,174,83,0,-0.1475895,7.2111026
0,174,93,1,-0.9061054,7.8102497
0,174,85,9,0.7995140,3.6055513
0,174,89,15,-0.3268803,9.2195445
0,174,87,7,1.3532990,1.0000000
0,174,77,1,1.0475870,11.1803399
0,174,90,11,-0.5045460,5.8309519
0,174,68,0,0.9910167,19.9248588
0,174,82,30,-0.4723340,24.5153013
0,175,63,30,-1.1731760,32.6496554
0,175,79,3,1.1413260,5.3851648
0,175,78,5,0.6887918,6.0000000
0,175,94,20,0.6162215,18.0277564
0,175,80,21,-0.3000120,16.4924225
0,175,89,10,-0.0144820,7.0710678
0,175,80,21,-0.3000120,16.4924225
0,175,92,11,-0.0439860,10.0000000
0,175,71,17,-0.0074183,17.6918060
0,175,99,41,-1.6298490,39.0000000
0,176,84,15,-0.3365020,9.2195445
0,176,56,27,-1.4120110,33.4215499
0,176,79,3,1.1413260,4.2426407
0,176,96,42,-1.2624400,38.6264158
0,176,65,17,-0.2230881,20.2484567
0,176,84,9,0.8727156,3.6055513
0,176,78,12,1.3870950,7.2111026
0,176,86,9,1.3595520,5.0000000
0,176,78,11,1.6672310,6.4031242
0,176,47,26,-0.0851117,40.3112887
0,177,89,6,1.7398030,7.0710678
0,177,95,7,-0.0776460,13.0000000
0,177,83,11,1.2830340,4.1231056
0,177,61,19,-0.4266243,24.1867732
0,177,96,14,0.0429995,15.6524758
0,177,40,2,0.5201565,42.2965720
0,177,92,3,0.4551298,10.7703296
0,177,78,7,1.2056880,4.0000000
0,177,71,5,0.7869600,11.1803399
0,177,90,17,0.5283316,12.8062485
0,178,76,42,-1.1558480,37.8549865
0,178,80,6,1.3300480,4.1231056
0,178,78,5,0.6887918,6.0000000
0,178,97,5,-0.6588387,13.0000000
0,178,76,10,1.4847920,9.4339811
0,178,96,7,0.6261721,12.1655251
0,178,70,9,0.7503887,14.5602198
0,178,99,58,-0.5620817,55.0817574
0,178,95,6,-0.7002937,11.0453610
0,178,85,13,0.2195455,8.0622577
0,179,98,9,0.2425649,23.1948270
0,179,55,3,-0.7853344,20.2237484
0,179,82,8,1.4293420,7.2801099
0,179,60,6,0.4540091,15.0000000
0,179,76,38,-1.2985670,32.0156212
0,179,76,5,1.5196690,1.4142136
0,179,67,4,0.2592824,8.2462113
0,179,84,11,1.3276710,10.2956301
0,179,73,8,1.6758760,2.8284271
0,179,72,8,0.5578506,3.6055513
0,180,86,7,1.2785840,3.6055513
0,180,71,13,0.8088942,14.4222051
0,180,74,4,1.3258640,9.0553851
0,180,61,30,-1.6255870,33.3016516
0,180,76,18,-0.0540078,14.7648231
0,180,91,16,0.0970205,13.6014705
0,180,68,5,0.8060714,15.0000000
0,180,83,2,1.4732980,3.0000000
0,180,75,2,1.0687350,8.5440037
0,180,89,14,-0.1087006,10.8166538
0,181,88,34,0.3384113,28.1602557
0,181,90,35,-0.0062857,29.4278779
0,181,68,3,0.1326629,17.2626765
0,181,81,2,0.8472038,5.6568542
0,181,82,7,2.3753710,3.1622777
0,181,74,9,1.7421240,11.4017543
0,181,99,9,0.2606460,14.3178211
0,181,94,22,0.7045332,18.3575598
0,181,80,7,1.4158240,5.0990195
0,181,59,41,-0.7426418,43.6004587
0,182,74,15,0.2024641,7.2801099
0,182,76,16,0.0186736,8.0000000
0,182,74,65,0.9701193,57.0350769
0,182,83,7,2.5765490,7.0710678
0,182,69,4,0.6529805,8.0622577
0,182,39,24,0.5956749,40.3112887
0,182,62,30,-1.4574270,26.0768096
0,182,95,42,-1.0039050,38.9486842
0,182,82,16,-0.0519267,10.0000000
0,182,83,28,0.9595354,21.1896201
0,183,57,7,0.8289399,25.1793566
0,183,30,81,0.2758798,92.9139387
0,183,74,10,1.5558520,10.0000000
0,183,51,34,-1.7999610,43.1393092
0,183,76,21,-0.8017346,18.0277564
0,183,83,0,-0.1475895,4.1231056
0,183,94,1,-1.7163650,12.3693169
0,183,75,14,0.8320658,12.2065556
0,183,55,10,-0.3390068,27.6586334
0,183,90,9,0.2428068,9.4339811
0,184,97,8,0.2025811,14.1421356
0,184,82,14,-0.2098581,8.0622577
0,184,61,7,0.5392704,22.0227155
0,184,86,2,1.4968550,5.0000000
0,184,86,8,1.2716960,3.6055513
0,184,81,7,1.7297090,2.2360680
0,184,85,12,0.9530673,6.3245553
0,184,86,34,-0.4757476,28.1602557
0,184,79,0,0.0660697,7.2111026
0,184,83,9,1.3370550,3.0000000
0,185,89,32,0.7244470,27.0185122
0,185,93,13,0.3554859,9.4339811
0,185,82,17,0.2570539,13.4164079
0,185,99,44,-2.3193550,40.5215992
0,185,85,4,1.4151810,3.1622777
0,185,84,12,1.3238020,8.0622577
0,185,67,28,-1.2938100,31.1448230
0,185,58,10,0.9637149,30.4138127
0,185,80,7,1.4158240,8.2462113
0,185,87,2,1.0407180,3.1622777
0,186,99,13,-0.9252883,17.4642492
0,186,95,32,0.6145135,28.6356421
0,186,85,13,0.2195455,7.2801099
0,186,74,67,1.3046250,61.6603600
0,186,79,34,-1.0277150,28.2842712
0,186,82,15,-0.1599472,9.0553851
0,186,76,31,-1.0877100,25.9615100
0,186,88,1,0.4552039,7.0710678
0,186,76,2,1.2350060,8.0622577
0,186,98,8,0.5228342,15.1327460
0,187,97,13,-0.3758119,16.1245155
0,187,88,22,0.2458251,17.7200451
0,187,96,7,0.6261721,13.1529464
0,187,83,27,0.9441010,22.0000000
0,187,79,0,0.0660697,6.4031242
0,187,86,12,0.5760154,7.6157731
0,187,86,7,1.2785840,3.6055513
0,187,86,12,0.5760154,7.6157731
0,187,85,11,1.2766990,6.3245553
0,187,78,10,1.7802590,7.0710678
0,188,84,25,0.3449052,20.0249844
0,188,24,23,-0.4161905,61.6846821
0,188,83,16,-0.8047783,11.0000000
0,188,95,16,-0.3537378,16.2788206
0,188,78,1,1.0891160,6.4031242
0,188,93,16,-0.3565312,14.8660687
0,188,73,13,1.3486160,12.8062485
0,188,85,10,1.2812600,5.3851648
0,188,77,10,1.5775760,7.8102497
0,188,84,28,0.3682659,23.0217289
0,189,92,11,-0.0439860,10.8166538
0,189,37,25,0.3752576,50.1597448
0,189,77,15,0.3152344,11.6619038
0,189,71,14,0.3205445,15.0000000
0,189,88,24,1.0264920,19.6468827
0,189,82,9,1.3156410,4.1231056
0,189,98,17,-0.0777407,19.2093727
0,189,81,6,1.3996120,2.2360680
0,189,74,14,1.0636070,12.7279221
0,189,52,26,-0.6798358,37.4432905
0,190,76,10,1.4847920,4.1231056
0,190,75,8,1.8841520,2.0000000
0,190,49,1,0.2451170,26.4764046
0,190,85,21,0.3337751,18.0277564
0,190,70,0,1.4139670,7.8102497
0,190,45,12,0.7128065,30.5941171
0,190,85,26,0.3750059,22.3606798
0,190,71,10,0.5462095,5.6568542
0,190,61,0,0.1709201,15.2315462
0,190,67,22,-0.3634586,17.8885438
0,191,63,12,1.2150930,19.9248588
0,191,91,12,-0.6261669,10.8166538
0,191,83,4,2.1901920,2.2360680
0,191,60,8,0.0451059,22.0907220
0,191,75,3,1.8324590,7.6157731
0,191,93,0,-0.7943850,12.5299641
0,191,48,21,-0.8252132,37.1618084
0,191,96,5,-0.6786934,14.0356688
0,191,83,23,0.0128256,17.0293864
0,191,83,40,-1.9147880,34.0147027
0,192,56,16,-1.5045610,27.8567766
0,192,80,5,1.4476380,2.2360680
0,192,74,36,-1.8213220,31.0483494
0,192,93,17,0.0654242,15.5563492
0,192,82,9,1.3156410,3.0000000
0,192,77,5,1.3435400,5.0990195
0,192,71,26,-1.4953850,22.8254244
0,192,83,0,-0.1475895,6.0827625
0,192,85,21,0.3337751,15.2970585
0,192,76,2,1.2350060,7.2111026
0,193,71,31,-1.7015540,24.7386338
0,193,68,7,1.0831510,9.0000000
0,193,79,5,1.0075230,2.8284271
0,193,46,26,-0.5512208,36.3593179
0,193,59,22,-0.6728898,23.4307490
0,193,86,8,1.2716960,9.0553851
0,193,83,7,2.5765490,6.0000000
0,193,86,17,0.9878264,13.4536240
0,193,67,9,1.0417530,10.1980390
0,193,52,5,0.7559621,25.0798724
0,194,96,5,-0.6786934,13.0384048
0,194,87,9,1.3794740,5.0000000
0,194,79,16,0.0465071,10.7703296
0,194,86,23,0.8935508,17.2626765
0,194,77,33,-1.6415430,27.6586334
0,194,82,3,0.8931705,3.1622777
0,194,99,11,0.2281894,16.7630546
0,194,70,9,0.7503887,13.3416641
0,194,79,3,1.1413260,5.0000000
0,194,86,3,2.0401580,4.2426407
0,195,59,10,1.1652830,25.4950976
0,195,92,23,-0.0671425,19.6977156
0,195,79,66,-0.0037490,61.2045750
0,195,85,32,-0.2924030,27.0185122
0,195,72,34,-1.8695460,31.3847097
0,195,76,1,1.3229840,8.9442719
0,195,86,18,1.4008120,13.1529464
0,195,31,46,-0.1642827,67.0074623
0,195,60,36,-1.1964440,39.2045916
0,195,65,5,0.5463612,19.0000000
0,196,76,19,-0.8243766,6.0827625
0,196,93,34,-0.3444978,27.6586334
0,196,84,8,1.4705580,10.2956301
0,196,46,22,-0.3100917,30.3644529
0,196,80,40,-0.9756952,27.4590604
0,196,72,5,0.8497394,8.5440037
0,196,64,12,0.7883463,11.0453610
0,196,58,15,-0.5328041,17.1172428
0,196,37,3,0.8686273,39.2937654
0,196,76,17,-0.3855923,4.1231056
0,197,85,6,1.5764390,11.4017543
0,197,73,1,1.2944840,8.0622577
0,197,65,8,0.4864276,9.0553851
0,197,71,7,0.5933488,3.6055513
0,197,84,2,1.3433230,12.2065556
0,197,71,9,0.2944727,3.0000000
0,197,67,18,0.3277990,11.4017543
0,197,75,9,1.6988920,1.0000000
0,197,62,25,-1.1232100,20.0000000
0,197,64,10,0.7565007,10.0498756
0,198,83,16,-0.8047783,13.0000000
0,198,76,16,0.0186736,14.7648231
0,198,63,6,0.5320107,20.2237484
0,198,78,40,-0.7345756,37.3363094
0,198,76,34,-1.2960440,31.7804972
0,198,77,9,1.7219100,8.4852814
0,198,94,11,0.1744367,13.6014705
0,198,81,5,1.3937340,2.8284271
0,198,82,22,-0.2837881,19.0262976
0,198,97,2,-0.0357374,14.0356688
0,199,63,51,-0.5825728,50.9901951
0,199,76,10,1.4847920,10.2956301
0,199,73,7,1.9637510,12.1655251
0,199,88,5,2.2283080,3.0000000
0,199,99,1,-0.8724352,14.5602198
0,199,80,23,-0.3245914,18.6815417
0,199,87,9,1.3794740,4.4721360
0,199,59,15,-0.2472005,27.8567766
0,199,97,21,0.2047003,20.0000000
0,199,94,0,-1.1055070,10.2956301
